Topic,Title,Description
Thời sự,Đường trên cao Mai Dịch - cầu Thăng Long cấm xe trong 3 ngày,Đường vành đai 3 đoạn Mai Dịch - cầu Thăng Long sẽ cấm xe cả hai chiều từ ngày 23 đến 26/4 để phục vụ thi công 6 nhánh kết nối lên xuống ở ba nút giao.
Thời sự,Quảng Nam chi 150 tỷ đồng xây 2 km bờ kè ở Cửa Đại,"Tỉnh Quảng Nam phê duyệt dự án xây dựng kè bảo vệ bờ biển Cửa Đại (TP Hội An), ngăn tình trạng nước biển xâm thực."
Thời sự,"Lật xe giường nằm, 31 người bị thương","Ôtô giường nằm chạy trên quốc lộ 14 bất ngờ lật nghiêng bên đường, 31 hành khách phá cửa thoát ra ngoài."
Thời sự,4 người vượt biên từ Campuchia vào Phú Quốc,"Trần Văn Tân, 53 tuổi, lái sà lan chở 3 người khác từ đảo Koh Rong, tỉnh Sihanoukville, Campuchia vượt biên vào Phú Quốc, bị biên phòng bắt giữ."
Thời sự,TP HCM không tăng hệ số điều chỉnh giá đất,"HĐND TP HCM nhất trí giữ nguyên hệ số điều chỉnh giá đất năm 2021 do ảnh hưởng Covid-19, dù giá đất trên địa bàn tăng so với năm trước."
Thời sự,Đường Nguyễn Hữu Cảnh trước ngày hoàn thành sửa chữa,Khoảng 50 công nhân cùng máy móc tất bật làm từ sáng tới đêm để dự án sửa đường Nguyễn Hữu Cảnh (quận Bình Thạnh) xong trước ngày 30/4.
Thời sự,Chủ tịch quận 1 làm Phó chủ tịch HĐND TP HCM,"Ông Nguyễn Văn Dũng, 49 tuổi, Chủ tịch UBND quận 1 làm Phó chủ tịch HĐND TP HCM nhiệm kỳ 2016-2021 với tỷ lệ phiếu hơn 90%."
Thời sự,Quy hoạch sông Hương sẽ không 'đập di sản làm nhà cao tầng',"Mỗi tác động đến hai bờ sông Hương, từ bố trí cây xanh, bờ kè đến các thiết chế văn hóa đều được cân nhắc kỹ lưỡng, ""vì sự thụ hưởng của người dân"", theo Chủ tịch Thừa Thiên Huế."
Thời sự,Nhà hàng 1.000 m2 xây trái phép bị cưỡng chế,"Chính quyền TP Nha Trang cưỡng chế, tháo dỡ nhà hàng rộng 1.000 m2 và các công trình xây trái phép tại xã Phước Đồng."
Thời sự,Nhà xưởng trong khu công nghiệp đổ sập,Trời mưa kèm gió to khiến khu nhà xưởng rộng hơn 15.000 m2 trong Khu công nghiệp Cảng biển Hải Hà (huyện Hải Hà) bị đổ sập.
Thời sự,Sa Pa yêu cầu đóng cửa điểm du lịch 'không đảm bảo mỹ quan',"Chính quyền thị xã Sa Pa yêu cầu đóng cửa cơ sở Check-in An Sa Pa, đường Nguyễn Chí Thanh (phường Phan Si Păng) sau ồn ào về bức tượng ở đây."
Thời sự,Chuyên gia ủng hộ thí điểm 'hộ chiếu vaccine' ở Quảng Nam,"Một số chuyên gia cho rằng nếu Việt Nam không chủ động triển khai cơ chế hộ chiếu vaccine, thì sẽ chậm chân trong mở cửa thị trường so với các nước."
Thời sự,TP HCM nghiên cứu hạn chế xe trên 30 chỗ vào trung tâm,"Sở Giao thông Vận tải TP HCM nghiên cứu lập vành đai hạn chế xe trên 30 chỗ vào trung tâm, nhằm chấn chỉnh tình trạng ""xe dù, bến cóc""."
Thời sự,CSGT mở đường cho ôtô chở sản phụ bị vỡ ối,"Thấy ôtô chở sản phụ vỡ ối bị kẹt xe, đại úy Nguyễn Hữu Thắng lái xe đặc chủng mở đường hơn 5 km để vào Bệnh viện Từ Dũ."
Thời sự,Người Sài Gòn dâng hương đền Hùng,"Lãnh đạo TP HCM cùng hàng nghìn người dân về Đền tưởng niệm vua Hùng, TP Thủ Đức để dâng hương trong ngày giỗ Tổ, sáng 21/4."
Thời sự,Chủ tịch nước dâng hương tưởng niệm các Vua Hùng,"Lễ dâng hương tưởng niệm các Vua Hùng diễn ra tại điện Kính Thiên trên đỉnh Nghĩa Lĩnh thuộc Khu di tích lịch sử quốc gia đặc biệt Đền Hùng, sáng 21/4."
Thời sự,Công trình Đền thờ vua Hùng 130 tỷ đồng ở Cần Thơ,"Sau gần 2 năm xây dựng, công trình Đền thờ vua Hùng ở Cần Thơ, vốn đầu tư 130 tỷ đồng, trên diện tích 4 ha, đã hoàn thành 90%."
Thời sự,Hàng nghìn người dự giỗ Tổ từ mờ sáng,"Cả nghìn người dân đổ về Khu di tích lịch sử Đền Hùng để dự lễ giỗ Tổ, từ 4h ngày 21/4 (tức 10/3 âm lịch)."
Thời sự,Lũ cát trên đồi đổ xuống đường Mũi Né,"Bùn cát của dự án bất động sản trên đồi cao ập xuống khiến đường ven biển tê liệt, vùi một ôtô và 4 xe máy."
Thời sự,'Hình hài' quảng trường trung tâm rộng 9 ha ở Đà Nẵng,"Sau 28 năm loay hoay với một số địa điểm, TP Đà Nẵng chọn khu vực có di tích quốc gia Thành Điện Hải để xây dựng quảng trường trung tâm."
Thời sự,"Trùng tu nền nhà, hồ nước Nguyễn Nhạc","Sau hai năm tôn tạo, cụm di tích nền nhà, hồ nước Nguyễn Nhạc gần 250 năm, thuộc quần thể Di tích Lịch sử quốc gia Tây Sơn Thượng đạo đã hoàn thành."
Thời sự,Rừng ngập mặn giữa lòng TP Phan Thiết,"Bình Thuận đang xem xét bảo tồn, phát huy giá trị khu rừng ngập mặn rộng hơn 32 ha còn sót lại giữa lòng TP Phan Thiết."
Thời sự,Chuyên gia: Cần tránh 'vết xe đổ' khi siết quy định BHXH một lần,"Đề xuất hạn chế người lao động nhận bảo hiểm xã hội một lần từng bị phản đối, do vậy, cần có chính sách phù hợp khi khởi động lại, theo nguyên Thứ trưởng Phạm Minh Huân."
Thời sự,Người dân chen chân xem pháo hoa dịp giỗ Tổ Hùng Vương,"Người dân địa phương và du khách đổ về khu vực công viên Văn Lang (TP Việt Trì), chen chân đứng chờ trong nhiều giờ để xem pháo hoa, đêm 20/4."
Thời sự,Hơn 100 người nhập viện sau tiệc cưới,"Đám cưới ở huyện Đăk G'long do gia đình tự nấu, sau khi ăn xong, hơn 100 người phải nhập viện, nghi ngộ độc thực phẩm."
Thời sự,Hà Nội khởi động làm đường vành đai 4,"Tuyến đường dài gần 100 km đi qua ba tỉnh (Hà Nội, Hưng Yên, Bắc Ninh) với quy mô cao tốc 6 làn xe, trong đó đoạn qua thủ đô hơn 56 km."
Thời sự,"Bắc Ninh, Nghệ An có tân giám đốc công an","Đại tá Bùi Duy Hưng, Phó Cục trưởng, thư ký lãnh đạo Bộ Công an được bổ nhiệm làm Giám đốc Công an tỉnh Bắc Ninh."
Thời sự,Soi chiếu an ninh mỗi khách ở Tân Sơn Nhất phải xong trong 45 giây,"Lực lượng an ninh sân bay Tân Sơn Nhất được yêu cầu thêm người, thiết bị để kiểm tra, soi chiếu an ninh mỗi khách trong vòng 45 giây, không để ùn tắc."
Thời sự,Phân luồng du khách đến đền Hùng ngày giỗ Tổ,"Ban tổ chức bố trí bảng cập nhật mật độ du khách ở các khu vực di tích đền Hùng để người dân lựa chọn lộ trình tham quan, tránh ùn ứ."
Thời sự,Khó kiểm soát đồ chơi không rõ nguồn gốc,"Các trường chủ yếu tuyên truyền, giáo dục học sinh tránh xa đồ chơi độc hại trong khi chính quyền cứ ""dẹp xong lại tái diễn bán hàng trước cổng trường""."
Thời sự,Tiền Giang tháo dỡ 8 đập thép ngăn mặn,"Tình hình hạn mặn đã giảm sau những cơn mưa lớn, tỉnh Tiền Giang cho tháo dỡ 8 đập thép trên các kênh để tạo điều kiện cho ghe tàu qua lại."
Thời sự,Trận địa pháo hoa 8.500 quả trước giờ khai hỏa,"Pháo hoa được bắn làm hai đợt trước và sau chương tình nghệ thuật nhân dịp giỗ Tổ Hùng Vương, đêm 20/4."
Thời sự,Tàu hộ vệ Nhật Bản thăm xã giao TP Hải Phòng,"Tàu hộ vệ Akebono thuộc Lực lượng Tự vệ trên biển Nhật Bản thăm xã giao thành phố Hải Phòng, từ 20 đến 22/4."
Thời sự,Sân bay Nội Bài triển khai nhiều biện pháp chống ùn tắc,"Để chống ùn tắc, lực lượng an ninh sân bay Nội Bài đã ứng trực phân luồng giao thông, mở tối đa hệ thống máy soi chiếu an ninh."
Thời sự,Gần 4.000 tỷ đồng làm nút giao 3 tầng ở TP Thủ Đức,Nút giao An Phú với tổng mức đầu tư 3.926 tỷ đồng dự kiến thực hiện giai đoạn 2021-2025 giúp giải tỏa ùn tắc đoạn đầu tuyến cao tốc TP HCM - Long Thành.
Thời sự,Nhiều tỉnh bắn pháo hoa tầm thấp dịp 30/4,"Các tỉnh Quảng Ninh, Nghệ An, Quảng Trị sẽ bắn pháo hoa tầm thấp dịp nghỉ lễ, không quá 15 phút, kinh phí từ nguồn xã hội hóa."
Thời sự,5 phụ nữ thuê canô từ Campuchia vượt biên vào Phú Quốc,"Nhóm phụ nữ 21-36 tuổi khai thuê tàu vượt biên về nước với giá 1.000-1.200 USD mỗi người, bị phát hiện khi đến Phú Quốc."
Thời sự,Thủ tướng Phạm Minh Chính ứng cử đại biểu Quốc hội tại Cần Thơ,"Hội đồng bầu cử Quốc gia gửi danh sách 203 người ứng cử đại biểu Quốc hội khóa XV do Trung ương giới thiệu về các tỉnh, thành."
Thời sự,Cậu bé lớp 6 dạy rubik miễn phí tại nhà,"Giành huy chương ở các giải đấu cờ vua, tin học, Cao Quốc Khánh tiếp tục chinh phục rubik, đến các làng trẻ SOS dạy và mở lớp miễn phí tại nhà."
Thời sự,"Xe khách đấu đầu xe tải, hai tài xế gặp nạn","Xe khách đấu đầu với xe tải trên cầu Gianh (huyện Bố Trạch) khiến một tài xế tử vong, lúc 4h30 sáng 20/4."
Thời sự,Sơn La xin đầu tư cao tốc Hòa Bình - Mộc Châu bằng ngân sách,Do khó huy động vốn xã hội hóa nên tỉnh Sơn La đề xuất chuyển cao tốc Hòa Bình - Mộc Châu sang đầu tư bằng vốn ngân sách.
Thời sự,Bộ trưởng Hầu A Lềnh: 'Tôi sẽ quan tâm những nơi khó khăn nhất',"Lãnh đạo mới của Ủy ban Dân tộc cam kết quan tâm đầu tiên đến những vùng khó khăn nhất của đất nước, nơi người dân nhận thức còn hạn chế."
Thời sự,Khó nhận bảo hiểm một lần vì 'xác nhận tình trạng tự phục vụ',"Quy định cho phép nhưng thông tư Bộ Y tế bắt xác nhận ""tình trạng tự phục vụ"" khiến người mắc ung thư khó nhận bảo hiểm xã hội một lần."
Thời sự,Hải Phòng dự kiến chi 20 tỷ đồng cho Lễ hội hoa phượng đỏ,"UBND TP Hải Phòng tổ chức Lễ hội hoa phượng đỏ vào ngày 11-13/5, kinh phí dự kiến 20 tỷ đồng từ nguồn xã hội hóa."
Thời sự,Hai tuyến đường 6 làn xe mới mở ở ngoại thành Hà Nội,"Đường 800 m và đường Lý Thánh Tông hơn 3 km đều có 6 làn xe, kết nối các trục giao thông huyện Gia Lâm (Hà Nội) với quốc lộ 5."
Thời sự,Bé gái 4 tuổi rơi từ tầng 24,Bé gái 4 tuổi rơi từ cửa sổ căn hộ tầng 24 chung cư Xuân Mai Complex xuống sảnh và tử vong tối 19/4.
Thời sự,Soi chiếu ở sân bay Tân Sơn Nhất không đáp ứng khách tăng cao,"Soi chiếu an ninh ở sân bay Tân Sơn Nhất không đáp ứng khi lượng khách tăng cao là một trong nguyên nhân gây ùn ứ, theo Tổng công ty Cảng hàng không."
Thời sự,Đồ chơi không rõ nguồn gốc bủa vây học sinh,"Túi bột ""chất dẻo ma quái"" slime, kẹo dẻo không rõ nguồn gốc, kẹo thuốc lá... được bày bán ngoài cổng trường, thu hút nhiều học sinh."
Thời sự,Bàn chải đánh răng khắc tên liệt sĩ,"Trong nhiều di vật tìm thấy cùng hài cốt liệt sĩ ở huyện Hướng Hóa có bàn chải đánh răng khắc tên “Ngọc Cảnh, T6-207, HTX Bắc Kinh”…"
Thời sự,Gần 20 trụ điện ngã trong mưa ở Sài Gòn,"Mưa lớn kèm giông lốc đã kéo ngã gần 20 trụ điện ở huyện Củ Chi, TP HCM, khiến nhiều hộ dân bị mất điện, chiều 19/4."
Thời sự,Công an Hà Nội: 'Không có chuyện chọn số đẹp cho thẻ căn cước',"Mã số định danh cá nhân trên thẻ căn cước gắn chip được lựa chọn ngẫu nhiên bằng phần mềm, theo lãnh đạo Công an thành phố Hà Nội."
Thời sự,3 kịch bản đầu tư hạ tầng giao thông,"Ngành giao thông xây dựng 3 kịch bản đầu tư phát triển hạ tầng đến năm 2030, với số vốn từ một triệu đến 1,5 triệu tỷ đồng."
Thời sự,Đà Nẵng sẽ chi 15.000 tỷ đồng để hướng đến thành phố sinh thái,"Đà Nẵng hướng đến đô thị sinh thái vào năm 2030 để giúp người dân, du khách cảm nhận không khí luôn trong lành, đa dạng sinh học được gìn giữ."
Thời sự,Việt Nam áp dụng nhiều biện pháp đảm bảo an toàn tiêm vaccine,"Mức độ đảm bảo an toàn khi tiêm vaccine Covid-19 ở Việt Nam ""cao hơn một số nước"", theo PGS Dương Thị Hồng, Viện phó Vệ sinh dịch tễ Trung ương."
Thời sự,Đề xuất 'siết' điều kiện hưởng bảo hiểm xã hội một lần,"Lao động chưa về hưu muốn hưởng bảo hiểm xã hội một lần có thể phải hưởng mức thấp hơn, theo đề xuất của Bộ Lao động Thương binh và Xã hội."
Thời sự,Hai xe Porsche trùng biển số gặp nhau,Người phụ nữ thấy chiếc Porsche khác màu nhưng có cùng biển số với xe của mình nên đã báo lực lượng chức năng xử lý.
Thời sự,Australia hỗ trợ Việt Nam hơn 240 tỷ đồng tiêm vaccine,"Australia và Quỹ nhi đồng Liên Hợp Quốc hỗ trợ Việt Nam 13,5 triệu AUD (241 tỷ đồng) để thực hiện chương trình tiêm chủng vaccine Covid-19."
Thời sự,Gần 1.000 tỷ đồng đưa nước vượt sông Vàm Cỏ Đông,"Dự án kênh chuyển nước từ hồ Dầu Tiếng cho vùng biên giới với điểm nhấn là cầu máng vượt sông Vàm Cỏ Đông dài 2,3 km sắp hoàn thành."
Thời sự,Ông Trần Thanh Mẫn: Cần tránh vận động bầu cử bằng lời hứa thiếu thực tế,"Những người ứng cử vào Quốc hội cần có chương trình hành động thiết thực, tránh đưa ra lời hứa thiếu thực tế, theo Phó chủ tịch Quốc hội Trần Thanh Mẫn."
Thời sự,Bốn nam sinh tử vong khi tắm biển,"Nhóm học sinh lớp 8 trường THCS Nguyễn Thị Minh Khai, TP Cam Ranh, ra khu vực Bãi Dài chơi, bốn em xuống tắm biển bị sóng cuốn trôi, tử vong."
Thời sự,Đề xuất rút ngắn năm đóng bảo hiểm xã hội để hưởng lương hưu,"Số năm đóng bảo hiểm xã hội ít nhất để được hưởng lương hưu giảm từ 20 xuống 15, tiến tới 10 năm, theo đề xuất của Bộ Lao động Thương binh và Xã hội."
Thời sự,Bắt con dắt kiếm tiền triệu,"Tranh thủ mùa biển vắng, nhiều người dân Đồ Sơn đổ ra bãi tắm khu 1, 2 cào dắt để bán, kiếm từ vài trăm nghìn đến một triệu đồng mỗi ngày."
Thời sự,Đề xuất lấn 1.500 ha biển ở Vân Phong,"Trong đồ án điều chỉnh quy hoạch Khu kinh tế Vân Phong, đơn vị tư vấn đề xuất lấn 1.500 ha biển tại huyện Vạn Ninh để phát triển kinh tế."
Thời sự,"16 tướng lĩnh Quân đội, Công an ứng cử đại biểu Quốc hội","Đại tướng Tô Lâm, Thượng tướng Phan Văn Giang và 14 tướng lĩnh Quân đội, Công an được giới thiệu ứng cử đại biểu Quốc hội khóa XV."
Thế giới,Vờ bắt hộ sâu bọ để sàm sỡ hơn 70 phụ nữ,Nam công nhân xây dựng nói dối rằng có côn trùng trên người các cô gái và ngỏ ý bắt hộ để sàm sỡ hơn 70 người.
Thế giới,Australia lý giải hủy thỏa thuận Vành đai và Con đường,"Bộ trưởng Quốc phòng Australia Dutton lo ngại các thỏa thuận trong Sáng kiến ​​Vành đai và Con đường của Trung Quốc được dùng nhằm mục đích ""tuyên truyền""."
Thế giới,Duterte không dự hội nghị ASEAN về Myanmar,"Tổng thống Philippines Duterte sẽ không dự hội nghị thượng đỉnh các lãnh đạo ASEAN cuối tuần này để bàn về khủng hoảng Myanmar, song không công bố lý do."
Thế giới,Căn cứ hải ngoại Trung Quốc có thể tiếp nhận tàu sân bay,"Căn cứ hải quân Trung Quốc tại Djibouti đã được mở rộng và xây thêm cầu cảng, có khả năng tiếp nhận tàu sân bay của nước này."
Thế giới,Tàu ngầm Indonesia có nguy cơ không thể cứu,"Tàu ngầm Nanggala chìm xuống độ sâu khoảng 700 mét, khiến các thiết bị cứu hộ tàu ngầm hiện nay có thể không với tới."
Thế giới,Ấn Độ chìm trong địa ngục Covid-19,"Ấn Độ ghi nhận gần 315.000 ca Covid-19 trong 24 giờ qua, mức cao chưa từng có trên thế giới, khi bệnh viện ở New Delhi lo sợ bệnh nhân có thể chết vì thiếu oxy."
Thế giới,Mỹ cán mốc tiêm 200 triệu liều vaccine Covid-19,Tổng thống Biden thông báo Mỹ đạt mục tiêu tiêm chủng 200 triệu liều vaccine Covid-19 trước 100 ngày tại nhiệm của ông.
Thế giới,Triển vọng thượng đỉnh Mỹ - Nga khiến Trung Quốc e ngại,"Cuộc điện đàm giữa Biden và Putin mở ra triển vọng hội nghị thượng đỉnh Mỹ - Nga, điều khiến giới lãnh đạo Trung Quốc cảm thấy bất an."
Thế giới,Putin quyết không khoan nhượng phương Tây,"Bất chấp sức ép từ Mỹ và đồng minh, Putin dường như cho rằng phương Tây đang hỗn loạn, còn Nga đang vươn lên và đã đến lúc đáp trả."
Thế giới,Nga bắt 1.000 người tuần hành ủng hộ Navalny,"An ninh Nga bắt hơn 1.000 người tuần hành trên khắp đất nước, kêu gọi thả lãnh đạo đối lập Navalny do lo ngại sức khỏe của ông."
Thế giới,Vaccine Pfizer giả được bán với giá 1.000 USD,"Hãng dược phẩm Mỹ Pfizer xác nhận vaccine Covid-19 khả nghi thu được ở Mexico và Ba Lan đều là giả, với giá lên tới 1.000 USD/mũi so với giá thực tế dưới 20 USD."
Thế giới,Phó đô đốc Pháp: Tàu ngầm Indonesia có thể đã vỡ nát,"Tàu ngầm KRI Nanggala có thể đã bị ép nát khi chìm sâu 700 m, gấp rưỡi độ sâu tối đa cho phép, theo phó đô đốc Pháp."
Thế giới,Tên lửa Syria phát nổ gần nhà máy hạt nhân Israel,"Israel cho biết một tên lửa S-200 Syria rơi và phát nổ gần trung tâm hạt nhân Shimon Peres Negev, khiến cơ sở này phát còi báo động."
Thế giới,22 bệnh nhân Covid-19 chết vì rò rỉ oxy,Ít nhất 22 bệnh nhân Covid-19 nguy kịch tại bang Maharashtra đã tử vong sau khi máy thở bị cắt oxy trong khoảng nửa tiếng vì sự cố rò rỉ.
Thế giới,Bị bạn gái cũ bắn chết giữa đường phố New York,Người phụ nữ mặc đồ đen lén đi theo sau người tình cũ là bà mẹ hai con trên đường phố New York rồi rút súng bắn chết người này.
Thế giới,Indonesia chạy đua với thời gian tìm tàu ngầm mất tích,"Hải quân Indonesia và Singapore triển khai nhiều tàu, máy bay chuyên dụng tìm tàu ngầm KRI Nanggala, một ngày sau khi chiến hạm này mất tích."
Thế giới,Ukraine tuyên bố sẵn sàng chiến tranh với Nga,"Tổng thống Volodymyr Zelensky nói Ukraine sẵn sàng ""đánh tới người cuối cùng"" nếu xung đột với Nga nổ ra, khi căng thẳng song phương gia tăng."
Thế giới,Pháp thử nghiệm chứng nhận tiêm vaccine Covid-19,Pháp trở thành nước EU đầu tiên thử nghiệm chứng nhận tiêm vaccine Covid-19 với hy vọng cho phép người dân trong khối đi lại tự do vào mùa hè.
Thế giới,Trinh sát cơ Mỹ giám sát Trung Quốc diễn tập trên Biển Đông,Trinh sát cơ RC-135W của Mỹ bay qua khu vực Biển Đông và giám sát quân đội Trung Quốc diễn tập bắn đạn thật tại đây.
Thế giới,Harry không ở lại Anh mừng sinh nhật Nữ hoàng,"Harry trở về Mỹ với vợ sau khi dự lễ tang Hoàng thân Philip, bỏ qua sinh nhật lần thứ 95 của Nữ hoàng Elizabeth."
Thế giới,Tàu ngầm Indonesia nghi chìm do mất điện,Tàu ngầm KRI Nanggala dường như đã gặp sự cố mất điện trong khi lặn và chìm xuống vùng biển có độ sâu 600-700 m.
Thế giới,Lào phong tỏa thủ đô ngăn Covid-19,"Thủ tướng Lào Phankham Viphavanh ra lệnh phong tỏa thủ đô Vientiane 14 ngày, bắt đầu từ 22/4, để đối phó với ca Covid-19 gia tăng."
Thế giới,Hai bé gái bị thả qua tường biên giới Mỹ đoàn tụ gia đình,Hai chị em người Ecuador bị những kẻ buôn người thả qua tường biên giới Mỹ - Mexico đã được đoàn tụ với gia đình ở thành phố New York.
Thế giới,Czech ra tối hậu thư với Nga,"Cộng hòa Czech cảnh báo họ có thể trục xuất thêm nhà ngoại giao của Moskva, trừ khi 20 nhân viên sứ quán Czech được phép trở lại làm việc ở Nga vào trưa 22/4."
Thế giới,Chuyên gia LHQ nói Nalvany 'nguy kịch',"Các chuyên gia nhân quyền Liên Hợp Quốc kêu gọi Nga cho phép đưa Nalvany ra nước ngoài điều trị bởi tính mạng ông ""đang bị đe dọa nghiêm trọng""."
Thế giới,Campuchia phạt roi người vi phạm lệnh phong tỏa,Cảnh sát Campuchia nói rằng họ phạt roi những người không tuân thủ lệnh phong tỏa để cứu mạng những người này.
Thế giới,Nổ tại khách sạn Pakistan có Đại sứ Trung Quốc,"Ít nhất 4 người chết, hơn chục người bị thương khi một quả bom phát nổ tại khách sạn mà Đại sứ Trung Quốc đang ở tại tây nam Pakistan."
Thế giới,Mẫu UAV trinh sát siêu vượt âm Mỹ từng 'biếu không' Liên Xô,"Mỹ triển khai UAV siêu vượt âm D-21B để trinh sát lãnh thổ Trung Quốc, nhưng mất điều khiển, khiến phi cơ rơi xuống lãnh thổ Liên Xô năm 1969."
Thế giới,Mỹ áp thêm trừng phạt với Myanmar,Bộ Tài chính Mỹ áp lệnh trừng phạt với hai doanh nghiệp nhà nước Myanmar để làm suy giảm nguồn thu của chính quyền quân sự.
Thế giới,Nga trục xuất 10 nhà ngoại giao Mỹ,"Moskva yêu cầu 10 nhà ngoại giao Mỹ rời Nga trước ngày 21/5, đáp trả động thái tương tự của Washington."
Thế giới,Cảnh sát Hàn Quốc muốn thẩm vấn vợ Đại sứ Bỉ,Cảnh sát Hàn Quốc cho biết họ muốn thẩm vấn vợ của Đại sứ Bỉ Peter Lescouhier sau khi nhận được đơn tố cáo về vụ hành hung nhân viên cửa hàng quần áo.
Thế giới,Australia hủy thỏa thuận Vành đai và Con đường,Australia hủy hai thỏa thuận do bang Victoria ký kết với Trung Quốc về việc tham gia Sáng kiến ​​Vành đai và Con đường.
Thế giới,Putin cảnh báo phương Tây không vượt qua 'lằn ranh đỏ',"Putin cảnh báo các đối thủ không nên ""vượt qua lằn ranh đỏ"" với Moskva trong Thông điệp Liên bang, khi quan hệ Nga - phương Tây đang căng thẳng."
Thế giới,Tàu ngầm Indonesia mất tích,Hải quân Indonesia tìm kiếm 53 người trên một chiếc tàu ngầm mất tích sau khi nó không báo cáo kết quả diễn tập.
Thế giới,Khủng hoảng Myanmar khiến gần 250.000 người di tản,Đặc phái viên Myanmar tại Liên Hợp Quốc cho hay khủng hoảng Myanmar khiến gần 250.0000 người phải di tản.
Thế giới,Tặng cần sa cho người tiêm vaccine Covid-19 ở New York,"Các nhà hoạt động ở Manhattan phát miễn phí cần sa cho bất kỳ ai đã tiêm ít nhất một mũi vaccine Covid-19, sau khi bang New York hợp pháp hóa cần sa hồi tháng ba."
Thế giới,Vợ đại sứ Bỉ tại Hàn Quốc tát chủ tiệm quần áo,"Người dùng mạng Hàn Quốc giận dữ, yêu cầu đại sứ Bỉ và phu nhân rời khỏi đất nước sau video bà Xiang Xueqiu tát chủ cửa hàng quần áo."
Thế giới,Hàn Quốc bác đơn kiện Nhật của 'phụ nữ giải khuây',"Tòa án Hàn Quốc bác đơn kiện của 20 nô lệ tình dục trong Thế chiến II chống lại chính phủ Nhật Bản, với lý do Tokyo được hưởng ""quyền miễn trừ chủ quyền""."
Thế giới,"Chuyên gia Ukraine: Căng thẳng với Nga 'rất, rất nghiêm trọng'","Căng thẳng biên giới Nga - Ukraine khó bùng phát thành chiến tranh, nhưng có thể bị bên thứ ba lợi dụng để khơi mào xung đột, theo chuyên gia Ukraine Andrey Buzarov."
Thế giới,20 tàu chiến Nga diễn tập ở Biển Đen,Hơn 20 tàu chiến thuộc Hạm đội Biển Đen của Nga hội quân cùng phi đội cường kích ở Crimea trong cuộc diễn tập tại Biển Đen.
Thế giới,Cụ bà 90 tuổi bị lừa 32 triệu USD,"Cụ bà Hong Kong 90 tuổi bị kẻ giả danh là công an Trung Quốc đại lục lừa đảo qua điện thoại, chiếm đoạt 32 triệu USD."
Thế giới,Tập Cận Bình sẽ dự hội nghị Joe Biden chủ trì,Chủ tịch Trung Quốc sẽ tham dự hội nghị thượng đỉnh về biến đổi khí hậu do Mỹ tổ chức theo lời mời của Biden từ ngày 21/4.
Thế giới,Czech dọa trục xuất tất cả nhà ngoại giao Nga,"Cộng hòa Czech dọa trục xuất tất cả nhà ngoại giao Nga, cáo buộc Moskva dàn dựng ""cuộc tấn công khủng bố chưa từng có"" vào lãnh thổ Czech năm 2014."
Thế giới,Cảnh sát giết George Floyd bị tuyên có tội,Cựu cảnh sát Derek Chauvin giết người da màu George Floyd bị tòa án tuyên có tội trong cả ba tội danh giết người.
Thế giới,Trung Quốc lỡ cơ hội đi đầu công nghệ vaccine Covid-19,"Một công ty Trung Quốc từng nghĩ tới ý tưởng sử dụng mRNA để phát triển vaccine rất sớm, nhưng cuối cùng lại bỏ lỡ công nghệ hiệu quả này."
Thế giới,Thủ tướng Việt Nam - Singapore điện đàm,Thủ tướng Phạm Minh Chính và người đồng cấp Singapore Lý Hiển Long nhất trí tăng cường hợp tác ứng phó Covid-19 và tạo điều kiện hồi hương công dân.
Thế giới,Tổng thống Ukraine muốn gặp Putin ở vùng xung đột,"Tổng thống Ukraine mời người đồng cấp Nga gặp mặt tại miền đông, khu vực giao tranh giữa giữa quân đội Ukraine và lực lượng ly khai thân Nga."
Thế giới,EU xác định đông máu là tác dụng phụ của vaccine Johnson & Johnson,"Cơ quan dược phẩm châu Âu cho rằng đông máu nên được liệt kê là tác dụng phụ ""rất hiếm gặp"" của vaccine Johnson & Johnson, nhưng lợi ích của nó vẫn lớn hơn nhiều nguy cơ."
Thế giới,Thông điệp từ Biden khi chọn tân đại sứ Mỹ tại Việt Nam,"Biden cho thấy ông coi trọng chuyên môn khi đề cử Marc Evans Knapper, nhà ngoại giao nhiều kinh nghiệm và hiểu biết về Việt Nam, cho vị trí đại sứ Mỹ."
Thế giới,Campuchia kết án tù người mở tiệc nhậu giữa Covid-19,Tòa án tỉnh Kampong Cham ở Campuchia kết án một năm tù đối với người đàn ông tổ chức tiệc rượu vào giờ giới nghiêm giữa lúc Covid-19 bùng phát.
Thế giới,Ảnh vệ tinh lực lượng Nga triển khai gần Ukraine,"Ảnh vệ tinh cho thấy Nga điều hàng loạt tiêm kích, xe thiết giáp đến Crimea và những căn cứ gần Ukraine trong tháng qua."
Thế giới,"Tàu Philippines gặp nạn giữa siêu bão, 20 người mất tích","20 thủy thủ trên tàu chở hàng Philippines Cebu Great Ocean mất tích, sau khi tàu của họ mắc cạn trong lúc tìm nơi trú ẩn giữa siêu bão Surigae."
Thế giới,Bi kịch đằng sau người đàn ông 'từ trên trời rơi xuống',"Ngày 30/6/2019, trong lúc trò chuyện với bạn bên ngoài ngôi nhà phía tây nam London, Wil nhìn thấy thứ gì đó từ trên trời rơi xuống."
Thế giới,Lò hỏa táng Ấn Độ nóng chảy vì hoạt động hết công suất,"Các bộ phận bằng kim loại của lò hỏa táng tại bang Gujarat, Ấn Độ, bị nóng chảy sau khi hoạt động không ngừng giữa lúc Covid-19 bùng phát."
Thế giới,"Việt Nam mong muốn giữ môi trường hòa bình, ổn định với Trung Quốc","Chủ tịch nước Nguyễn Xuân Phúc cho biết Việt Nam mong muốn tăng cường hợp tác, giữ môi trường hòa bình, ổn định với Trung Quốc, khi phát biểu tại Diễn đàn châu Á Bác Ngao."
Thế giới,Trump: 'Tôi đang rất nghiêm túc xem xét tái tranh cử',"Cựu tổng thống Mỹ Trump cho biết sẽ xem xét ""rất nghiêm túc"" việc tái tranh cử năm 2024 trong khi chỉ trích Biden về khủng hoảng biên giới."
Thế giới,Czech tính đòi Nga bồi thường vụ nổ kho đạn,Thủ tướng Czech cho hay chuẩn bị yêu cầu Nga bồi thường thiệt hại vụ nổ kho vũ khí năm 2014.
Thế giới,Harry 'phải viết tâm thư cho bố trước khi về Anh',"Harry dường như phải viết thư riêng cho bố để cố gắng giải quyết mọi căng thẳng trước khi về Anh dự đám tang của ông nội, Hoàng thân Philip."
Thế giới,Đại sứ Mỹ tại Nga về nước,Đại sứ Mỹ tại Nga John Sullivan về nước để tham vấn sau khi Moskva khuyến nghị ông nên tạm thời rời đi trong bối cảnh căng thẳng gia tăng.
Thế giới,Thủ đô Czech đòi đất sứ quán Nga,"Chính quyền thủ đô Prague yêu cầu đại sứ quán Nga trả lại 5.000 m2 đất trong khuôn viên, khi căng thẳng ngoại giao giữa hai nước leo thang."
Thế giới,Myanmar không cho cựu tổng thư ký LHQ đến thăm,"Cựu tổng thư ký Ban Ki-moon đề nghị tới Myanmar để hạ nhiệt xung đột và thúc đẩy đối thoại, nhưng bị chính quyền quân sự từ chối."
Thế giới,Điện thoại bốc cháy trong túi xách,Chiếc điện thoại trong túi xách của một người đàn ông ở tỉnh Hà Nam đột nhiên bốc cháy khi anh đang đi dạo trên phố.
Thế giới,Tàu ngầm Pháp bí mật đi qua Biển Đông,"Tàu ngầm tấn công hạt nhân Emeraude tuần tra dưới lòng Biển Đông trong trạng thái bí mật hồi tháng 2, chỉ nổi lên khi đến gần eo biển Indonesia."
Thế giới,Thủ tướng Thái không dự hội nghị ASEAN về Myanmar,"Thủ tướng Thái Lan Prayuth Chan-ocha sẽ không dự hội nghị thượng đỉnh các lãnh đạo ASEAN cuối tuần này, nơi sẽ thảo luận về cuộc khủng hoảng tại Myanmar."
Thế giới,"Hai người Việt bị bắt, khai 'làm nô lệ' trong trại cần sa Anh",Hai người Việt bị bắt trong trang trại trồng cần sa ở phía bắc nước Anh khai là nạn nhân của chế độ nô lệ hiện đại.
Thế giới,Cụ bà 99 tuổi tập lái tiêm kích bom,Cựu chiến binh Maria Denisovna Koltakova thực hiện chuyến bay dài 90 phút trên buồng mô phỏng tiêm kích bom Su-34 và diệt nhiều mục tiêu giả định.
Thế giới,Ông Tập ngầm chỉ trích Mỹ bá quyền,"Ông Tập Cận Bình ngầm chỉ trích Mỹ khi kêu gọi ""lãnh đạo các nước xung quanh"" không can thiệp công việc nội bộ của nước khác và phản đối bá quyền."
Thế giới,Biden cấm gọi di dân là 'người nước ngoài bất hợp pháp',"Biden cấm cơ quan nhập cư Mỹ dùng cụm từ ""người nước ngoài bất hợp pháp"" để chỉ di dân vì cho rằng nó gây tranh cãi và thiếu nhân đạo."
Thế giới,Dàn tên lửa trên tiêm kích F-16 Mỹ ở Biển Đông,Biên đội F-16CM Mỹ mang tổng cộng 24 quả tên lửa đối không AIM-120 và AIM-9 khi tiến xuống Biển Đông hội quân với tàu sân bay Theodore Roosevelt.
Thế giới,Ngoại giao vaccine Trung Quốc vướng trở ngại,"Trung Quốc đẩy mạnh hoạt động ngoại giao vaccine để phát huy ảnh hưởng và quyền lực mềm, nhưng không thể thắng lợi khi thiếu vaccine."
Thế giới,Chó cứu chủ khỏi xe điên,"Chú chó 5 tuổi kéo mạnh dây xích, lôi chủ nhân đang đứng quay lưng lại với chiếc xe điên ra chỗ khác."
Thế giới,Nhà Trắng đính chính 'nói nhầm' của Biden,"Biden cho rằng trẻ em không có người lớn đi kèm đổ về biên giới là một cuộc khủng hoảng, song Nhà Trắng đính chính Tổng thống đã ""nói nhầm""."
Thế giới,Mỹ chỉ trích Nga phong tỏa một phần Biển Đen,"Bộ Ngoại giao Mỹ chỉ trích lệnh hạn chế đi lại của Nga ở Biển Đen và gọi đây là diễn biến ""đặc biệt đáng lo ngại""."
Thế giới,Nga không kích diệt 200 phiến quân Syria,"Không quân Nga tấn công căn cứ của phiến quân tại vùng sa mạc Syria, tiêu diệt 200 tay súng cùng nửa tấn đạn dược và 24 phương tiện."
Thế giới,Duterte muốn dùng tàu chiến đòi chủ quyền Biển Đông,Tổng thống Philippines Duterte cho biết sẵn sàng đưa tàu quân sự ra Biển Đông để củng cố yêu sách chủ quyền về tài nguyên dầu mỏ và khoáng sản.
Thế giới,Trump dạy ứng viên Cộng hòa cách chiến thắng,"Trump cho rằng các nghị sĩ Cộng hòa cần theo đuổi chính sách ""Làm nước Mỹ vĩ đại"" của ông nếu muốn thắng lớn trong bầu cử giữa kỳ 2022."
Thế giới,Đuổi đánh linh miêu cứu vợ,"Phát hiện con linh miêu hoang tấn công vợ, Happy Wade ở Bắc Carolina túm lấy nó bằng tay không, quẳng ra xa rồi đuổi con vật bỏ chạy."
Kinh doanh,Gạo ST25 bị doanh nghiệp Mỹ đăng ký thương hiệu,"5 doanh nghiệp tại Mỹ đang chờ được bảo hộ thương hiệu gạo ST25 - gạo ngon nhất thế giới của Việt Nam, theo Văn phòng Sáng chế và Thương hiệu Mỹ (USPTO)."
Kinh doanh,Ông Trần Đình Long: 'Không ai có thể làm thép mãi được',"Chủ tịch Hòa Phát khẳng định tập đoàn sớm muộn phải tiến tới mô hình đa ngành, một trong những mũi nhọn khác được xác định là bất động sản."
Kinh doanh,"Dệt may, da giày 'đỏ mắt' tìm lao động","Sau đợt cắt giảm người năm ngoái, ngành dệt may, da giày giờ chật vật tuyển lại vì lao động về quê không trở lại hoặc đi bán hàng online."
Kinh doanh,Xuất khẩu hàng điện tử nằm trong tay doanh nghiệp ngoại,95% giá trị xuất khẩu hàng điện tử nằm trong tay doanh nghiệp ngoại.
Kinh doanh,"Lãnh đạo Grab sẽ sở hữu 1,2 tỷ USD sau sáp nhập",Tài sản của đồng sáng lập kiêm CEO Anthony Tan cùng 2 lãnh đạo khác của Grab sẽ tăng vọt sau vụ sáp nhập kỷ lục hồi giữa tháng.
Kinh doanh,Vietbank đặt mục tiêu lọt top 15 ngân hàng có tổng tài sản lớn nhất,"Vietbank sẽ nỗ lực tăng trưởng cao giai đoạn 2021-2025, nhắm đích top 15 ngân hàng thương mại cổ phần có tổng tài sản lớn nhất năm 2025."
Kinh doanh,Giá dầu thế giới giảm 3 ngày liên tiếp,"Dầu thô chịu sức ép khi tồn kho dầu Mỹ bất ngờ tăng và số ca nhiễm Covid-19 mới tại Ấn Độ, Nhật Bản lên cao."
Kinh doanh,Giá thuê đất công nghiệp tăng nhanh,"Quý I, giá thuê đất các khu công nghiệp phía Nam tăng 8,1% so với cùng kỳ năm ngoái và chưa có dấu hiệu dừng lại."
Kinh doanh,Amazon mở tiệm cắt tóc,Salon tóc đầu tiên của Amazon đặt tại London và sẽ ứng dụng công nghệ để thu thập dữ liệu của khách hàng.
Kinh doanh,"Ngân hàng Nhà nước: Vốn vào bất động sản, chứng khoán chưa tăng đột biến","Khẳng định sẽ siết vốn hai lĩnh vực “nóng” bất động sản, chứng khoán nhưng Ngân hàng Nhà nước cho biết các số liệu chưa cho thấy dư nợ tăng đột biến."
Kinh doanh,Lợi nhuận TPBank tăng hơn 40%,"Quý I, lợi nhuận TPBank tăng hơn 40% so với cùng kỳ, lên trên 1.400 tỷ nhờ sự bứt phá từ thu lãi thuần và tiết giảm chi phí hoạt động."
Kinh doanh,"Giá vàng tiến sát đỉnh 2 tháng, chứng khoán Mỹ quay đầu tăng","Mỗi ounce vàng có thời điểm lên 1.798 USD, Wall Street cũng bật tăng sau 2 phiên giảm liên tiếp."
Kinh doanh,Vinamilk 3 năm liền dẫn đầu ngành hàng sữa nước,"Theo Nielsen Việt Nam, trong 3 năm liên tiếp (từ 2/2018 đến 1/2021), Vinamilk dẫn đầu thị trường ở ngành hàng sữa nước."
Kinh doanh,Dịch vụ quản lý tài sản góp phần bảo toàn giá trị bất động sản,"Dịch vụ quản lý tài sản giúp nhà đầu tư bảo toàn và gia tăng giá trị bất động sản, thông qua các hoạt động vận hành, bảo dưỡng, cho thuê..."
Kinh doanh,Bốn con số làm nên sự khác biệt của công nghệ mạ Activate,"Sự đầu tư nghiêm túc, thử nghiệm toàn diện, được bảo hộ sáng chế toàn cầu, bảo hành lâu dài là những yếu tố tạo nên sự khác biệt của công nghệ mạ Activate"
Kinh doanh,Sóc Trăng kêu gọi 'giải cứu' 50.000 tấn hành tím,"Khoảng 50.000 tấn hành tím của nông dân Sóc Trăng không kịp tiêu thụ, giá xuống thấp dưới 10.000 đồng một kg khiến nông dân lỗ nặng."
Kinh doanh,Sở thú lâu đời nhất TP HCM lỗ đậm,"Nguồn thu tăng mạnh trong nửa cuối năm 2020 nhưng Thảo Cầm Viên vẫn lỗ gần 7 tỷ đồng, bằng lợi nhuận làm ra 5 năm trước đó."
Kinh doanh,Ngành trang điểm Nhật sống tốt mùa dịch nhờ doanh nhân nam,Các doanh nhân nam ở Nhật Bản ngày càng chú ý đến hình thức hơn khi liên tục phải nhìn khuôn mặt của mình qua họp trực tuyến.
Kinh doanh,Dây chuyền smartphone LG tại Hải Phòng chuyển sang làm đồ gia dụng,"Theo Yonhap, LG đang có kế hoạch sản xuất thiết bị gia dụng trên dây chuyền smartphone tại nhà máy ở Hải Phòng sau khi rút khỏi mảng này."
Kinh doanh,Doanh nghiệp kêu khó vì quy định 'sếp ngoại phải có bằng đúng chuyên môn',"Theo các doanh nghiệp, không phải CEO kinh nghiệm nào của họ cũng có bằng đại học đúng chuyên môn theo vị trí họ đang đảm nhận."
Kinh doanh,Dược Hậu Giang mỗi tháng thu 11 tỷ lãi tiền gửi ngân hàng,"Với hơn 2.400 tỷ tiền gửi ngân hàng kỳ hạn 3-12 tháng, Dược Hậu Giang ghi nhận lãi tài chính gần 33 tỷ đồng trong quý đầu năm."
Kinh doanh,Chặn 130.000 thuê bao phát tán cuộc gọi rác,"Theo Cục Viễn thông, 128.970 thuê bao phát tán cuộc gọi rác đã bị chặn sau khi nhà mạng mạnh tay xử lý rác viễn thông từ tháng 7/2020."
Kinh doanh,Trung Nam bán cổ phần nhà máy điện mặt trời hơn 200 triệu USD,"Sau hơn một năm vận hành, Trung Nam vừa bán 49% cổ phần tại nhà máy điện mặt trời Trung Nam Thuận Bắc có vốn đầu tư 5.000 tỷ đồng."
Kinh doanh,"Nhà đầu tư thế giới tiếp tục mua vàng, bán chứng khoán","USD duy trì ở mức thấp đẩy giá vàng lên, trong khi cổ phiếu bị bán ra dù tình hình lợi nhuận doanh nghiệp Mỹ quý I tích cực."
Kinh doanh,Lao động chuyên về thương mại điện tử giảm mạnh vì Covid-19,Covid-19 thúc đẩy thương mại điện tử nhưng các doanh nghiệp cho biết rất khó tuyển được lao động chuyên trong lĩnh vực này.
Kinh doanh,"Vingroup khai trương siêu quần thể giải trí, nghỉ dưỡng tại Phú Quốc","Phú Quốc United Center, quần thể giải trí, nghỉ dưỡng chính thức hoạt động từ 21/4, với hàng nghìn hạng mục vui chơi, giải trí, lễ hội… thâu đêm suốt sáng."
Kinh doanh,​Trải nghiệm dự án nghỉ dưỡng cao cấp tại Hạ Long bằng thủy phi cơ,"Khách mời được ngắm nhìn dự án InterContinental Residences Halong Bay trên thủy phi cơ ở độ cao 600 m, bao quát trọn vịnh Hạ Long."
Kinh doanh,Những tiền số tăng giá mạnh nhất thế giới,"Từ đầu năm, Dogecoin đã tăng 7.200%, hàng chục tiền số khác cũng ghi nhận mức tăng lên tới cả nghìn phần trăm."
Kinh doanh,Hai nữ doanh nhân Việt lọt top gương mặt trẻ nổi bật châu Á,"Lê Hàn Tuệ Lâm, Giám đốc Nextrans tại Việt Nam và Mai Hồ, Giám đốc đầu tư Hustle Fund được Forbes chọn vào danh sách 30 Under 30 Asia."
Kinh doanh,Đường sắt đang tụt hậu,"Nhu cầu giao thông ngày càng tăng nhưng vận chuyển khách và hàng hóa với đường sắt liên tục dưới trung bình ngành, thậm chí tăng trưởng âm."
Kinh doanh,"Tiếp tục gia hạn nộp thuế, tiền thuê đất năm 2021","Lần thứ ba Chính phủ quyết định nới thời hạn nộp thuế, tiền thuê đất cho các doanh nghiệp, tổ chức gặp khó khăn vì dịch bệnh."
Kinh doanh,Vinhomes muốn chi cổ tức tỷ lệ 45%,Vinhomes và Vingroup quyết định giành phần lớn lợi nhuận chưa phân phối để chia cổ tức năm 2020 cho cổ đông.
Kinh doanh,"Chứng khoán 'xanh vỏ, đỏ lòng'","VN-Index được kéo lên bởi VCB, VHM và VNM, trong khi phần còn lại của thị trường bị sắc đỏ chiếm áp đảo."
Kinh doanh,Thị trường logistics Việt nguy cơ rơi hết vào doanh nghiệp ngoại,"Hiện 80% thị phần logistics nằm trong tay doanh nghiệp ngoại, nếu các công ty Việt Nam không sớm chuyển đổi số, nguy cơ sẽ mất luôn phần còn lại."
Kinh doanh,Nhà ở xã hội vẫn bị 'ngó lơ',"Bộ Xây dựng cho biết, địa phương và doanh nghiệp vẫn chưa quan tâm đầu tư nhà ở xã hội khiến số dự án hoàn thành hiện mới đạt 42% kế hoạch."
Kinh doanh,Người tiêu dùng toàn cầu tiết kiệm 5.400 tỷ USD trong đại dịch,"Các hộ gia đình đã tích trữ hàng nghìn tỷ USD từ đầu đại dịch đến hết tháng 3, tạo nền tảng cho sự bùng nổ tiêu dùng sau này."
Kinh doanh,"Giá vàng thế giới lên đỉnh 7 tuần, chứng khoán Mỹ giảm điểm","Mỗi ounce vàng có thời điểm lên 1.789 USD, trong khi tâm lý thận trọng kéo Wall Street đi xuống phiên đầu tuần."
Kinh doanh,Doanh nghiệp thép lãi đậm quý I,"Ngành thép kết thúc 3 tháng đầu năm ấn tượng, có doanh nghiệp lãi tăng hơn 40 lần so với cùng kỳ nhờ giá thép tăng cao, lượng tiêu thụ lớn."
Kinh doanh,Gojek có 200.000 đối tác tài xế ở Việt Nam,"Đây đều là tài xế xe máy vì Gojek chỉ mới vận hành dịch vụ gọi xe hai bánh, giao hàng và giao đồ ăn tại Việt Nam."
Kinh doanh,"Mới cưới, lương 20 triệu nên mua bảo hiểm nhân thọ nào?","Thu nhập hai vợ chồng mới cưới chỉ hơn 20 triệu một tháng nên nhiều khoản phải lo, liệu nên mua loại bảo hiểm nào cho phù hợp?"
Kinh doanh,"Những hạng mục nổi bật của siêu tổ hợp giải trí, nghỉ dưỡng tại Phú Quốc","Hệ sinh thái hàng nghìn tiện ích và hạng mục giải trí kỷ lục tại Phú Quốc United Center hoạt động 24/7, đáp ứng toàn diện nhu cầu vui chơi, giải trí, mua sắm, hưởng thụ… của khách du lịch đến người dân."
Kinh doanh,Bất động sản tiếp tục đón dòng vốn ngoại,"Nguồn vốn đầu tư nước ngoài (FDI) đổ vào lĩnh vực bất động sản tiếp tục tăng trong quý I/2021, nối tiếp dòng chảy năm 2020."
Kinh doanh,VIB tăng trưởng 68% trong quý I,"Ngân hàng lãi trước thuế 1.807 tỷ đồng, tăng 68% so với cùng kỳ năm 2020, tỷ lệ lợi nhuận sau thuế trên vốn bình quân (ROE) là 31%."
Kinh doanh,Shophouse Vega City Nha Trang nhận phản hồi tích cực từ thị trường,Khoảng 90% sản phẩm shophouse giới thiệu trong buổi lễ dự án Vega City Nha Trang công bố sản phẩm đã được khách hàng đăng ký thành công.
Kinh doanh,Lợi thế pháp lý chuỗi shophouse nghìn tỷ của Regal Pavillon Da Nang,"Tất cả sản phẩm tại dự án Regal Pavillon Da Nang của chủ đầu tư Đất Xanh Miền Trung có sổ hồng riêng, đủ điều kiện bán, cho thuê."
Kinh doanh,"Sun Life Việt Nam chi trả 911,5 triệu đồng cho hai khách hàng","Công ty tổ chức ""Lễ chi trả quyền lợi bảo hiểm"" với số tiền 911,5 triệu đồng cho hai khách hàng mắc bệnh hiểm nghèo, vào ngày 18/4."
Kinh doanh,Mô hình kinh tế tuần hoàn gỡ rối bài toán phát triển bền vững,"Mô hình kinh tế tuần hoàn giúp nhiều doanh nghiệp vượt trở ngại, hướng đến mục tiêu phát triển bền vững, trong đó có công ty Giấy Lee&Man Việt Nam."
Kinh doanh,Điểm nhấn thiết kế kiến trúc và ánh sáng tại The Song,"Nhà vườn The Song thuộc Thanh Long Bay được đội ngũ tư vấn thiết kế từng nhận giải quốc tế chăm chút từ kiến trúc, nội thất, ánh sáng tới cảnh quan."
Kinh doanh,Lý do Bitcoin rơi thẳng đứng,Mức giảm của Bitcoin cuối tuần qua là do áp lực từ giới chức và được coi như nhịp điều chỉnh sau khi nhà đầu tư quá hào hứng.
Kinh doanh,Công ty dính đường dây xăng giả bị dừng kinh doanh,"Công ty cổ phần nhiên liệu Phúc Lâm bị đình chỉ hoạt động do tổng giám đốc bị bắt, liên quan đường dây xăng giả."
Kinh doanh,"Thanh khoản biệt thự, nhà phố lao dốc","Quý I, nhà liền thổ xây sẵn chỉ bán được 200 sản phẩm, giảm 69% so với quý trước, sức mua chậm do giá các tài sản quá cao."
Kinh doanh,Lãi suất tiết kiệm nhích tăng,"Lãi suất lác đác tăng tại một vài nhà băng, có nơi tăng tới 0,6% nhưng nhìn chung mặt bằng vẫn chưa có sự thay đổi lớn."
Kinh doanh,Long An muốn phát triển khu siêu kinh tế 32.000 ha,"Với quy mô 32.000 ha, Dự án Khu kinh tế Long An sẽ là một trong những khu kinh tế lớn nhất khu vực Nam Bộ, quy mô tương đương thế giới."
Kinh doanh,Vietnam Airlines có thêm 3 phó tổng giám đốc,"Với việc vừa bổ nhiệm thêm 3 phó tổng giám đốc, Vietnam Airlines hiện có 6 phó tổng giám đốc."
Kinh doanh,Cơ hội khi thương hiệu quốc gia Việt Nam tăng cao,"Sức mạnh thương hiệu quốc gia và quyền lực mềm tăng cao sẽ giúp Việt Nam thu được nhiều lợi ích về xuất khẩu, thu hút đầu tư, du lịch."
Kinh doanh,"Cổ phiếu Hòa Phát, Vinhomes kéo VN-Index tăng mạnh",Thanh khoản giảm gần 2.000 tỷ đồng so với cuối tuần nhưng VN-Index vẫn tăng gần 22 điểm nhờ lực cầu tập trung ở các cổ phiếu vốn hóa lớn.
Kinh doanh,CEO Coinbase bán gần 300 triệu USD cổ phiếu,Brian Armstrong đã bán gần 750.000 cổ phiếu Coinbase trong phiên chào sàn của công ty này tuần trước.
Kinh doanh,Trung Quốc không tham vọng thay đồng đôla bằng tiền số,"Trước nghi ngại của Mỹ về mục tiêu thay thế USD, Trung Quốc khẳng định tạo ra đồng nhân dân tệ kỹ thuật số để dùng trong nước."
Kinh doanh,Trung Quốc có thể nhập khẩu hàng tỷ USD vàng,"Reuters dẫn bốn nguồn tin cho biết, khoảng 150 tấn vàng trị giá 8,5 tỷ USD có thể được vận chuyển vào Trung Quốc trong tháng 4, 5."
Kinh doanh,Covid-19 sẽ để lại vết sẹo sâu cho kinh tế toàn cầu,"Cũng như các bệnh nhân phải chịu nhiều di chứng sau khi khỏi Covid-19, kinh tế toàn cầu sẽ gặp tình trạng tương tự khi đà hồi phục qua đi."
Kinh doanh,Ông Đỗ Anh Tú và 2 thập kỷ đưa Diana Unicharm vươn tầm quốc tế,"Ông Đỗ Anh Tú, Phó Chủ tịch Diana Unicharm tận tâm hơn 20 năm để mang đến sản phẩm tốt nhất giúp phụ nữ tự tin, hỗ trợ mẹ chăm bé và người cao tuổi tự chủ."
Kinh doanh,Thủ tướng: Kiểm soát tiền vào bất động sản để tránh đầu cơ,"Thủ tướng Phạm Minh Chính yêu cầu Ngân hàng Nhà nước ""quản"" dòng vốn vào bất động sản, đảm bảo phục vụ thực sự nhu cầu của người dân."
Kinh doanh,Vì sao xăng giả vẫn có 'đất sống'?,"Lợi nhuận lớn, kiểm soát thị trường thiếu chặt chẽ... ""kích thích lòng tham"" của các cá nhân, tổ chức kinh doanh xăng giả."
Kinh doanh,Công ty vàng SJC thu hơn 1 tỷ USD,"Doanh thu tăng trưởng 26%, đạt hơn 23.490 tỷ đồng nhưng ""đại gia"" vàng miếng vẫn không hoàn thành kế hoạch đề ra."
Kinh doanh,Kido lãi đậm quý đầu năm,Sức mua cải thiện trong mùa Tết Nguyên đán giúp doanh thu và lợi nhuận của Kido lần lượt tăng 35% và 138%.
Kinh doanh,Giá vàng SJC lên cao nhất một tháng,"Giá vàng sáng nay tăng ít nhất 150.000 đồng mỗi lượng, có lúc bán ra gần 56 triệu đồng và lập đỉnh một tháng."
Kinh doanh,Chủ tịch Sunshine Group được đề cử vào HĐQT KienLongBank,"CEO Sunshine Group xin từ nhiệm Hội đồng quản trị KienLongBank sau gần ba tháng, người được đề cử thay thế là ông Đỗ Anh Tuấn, Chủ tịch tập đoàn này."
Kinh doanh,Chứng khoán chưa thoát xu hướng thận trọng,"Tháo mác thao túng tiền tệ là thông tin tích cực đầu tuần, nhưng xu hướng ngắn hạn vẫn chịu áp lực khi thị trường phân hóa mạnh và gánh nặng margin cao."
Kinh doanh,Mỹ nợ kỷ lục nhưng chuyên gia không thấy lo,Tỷ lệ nợ công trên GDP của Mỹ dự kiến đạt kỷ lục năm nay nhưng nhiều chuyên gia cho rằng điều này chưa chắc đã là rủi ro.
Kinh doanh,Du lịch Bình Thuận đón thời cơ phát triển,"Sau 46 năm giải phóng, Bình Thuận xác định du lịch là ngành kinh tế mũi nhọn, trong đó các loại hình du lịch giàu tiềm năng phát triển mạnh."
Kinh doanh,Vinamilk tiến 6 bậc trong Top 50 công ty sữa hàng đầu thế giới,"Vinamilk vừa tiến lên thứ 36 trong danh sách 50 công ty sữa có doanh thu cao nhất thế giới, theo thống kê của Plimsoll (Anh)."
Kinh doanh,Gu chọn nhà độc lạ của giới nhà giàu,"Dinh thự biệt lập có hồ bơi riêng, penthouse thang máy riêng, hay biệt thự nằm trong sân golf... là những bất động sản độc lạ mà giới thượng lưu tìm kiếm."
Kinh doanh,SeABank đẩy mạnh lợi nhuận từ nguồn phi tín dụng,"SeABank điều chỉnh kế hoạch kinh doanh, tung giải pháp, sản phẩm mới, hợp tác phân phối bảo hiểm và cải thiện chất lượng để đa dạng hóa nguồn thu."
Kinh doanh,Khởi công dự án nghỉ dưỡng hơn 2.300 tỷ đồng ở Hội An,"Dự án Hoian d’Or có quy mô 24,5 ha với tổng mức đầu tư 2.330 tỷ đồng, phát triển thành tổ hợp nghỉ dưỡng sinh thái và trải nghiệm văn hóa."
Kinh doanh,Chi triệu đô mua căn hộ hàng hiệu để tích lũy tài sản,Giới siêu giàu sẵn sàng chi hàng triệu USD mua bất động sản hàng hiệu và vận hành bởi tập đoàn danh tiếng nhằm tích lũy tài sản.
Kinh doanh,Nhà đầu tư săn đón bất động sản TP Thủ Đức,"Nhiều nhà đầu tư tìm kiếm căn hộ giá tốt, vị trí chiến lược, tiềm năng tăng giá dài hạn, nhằm đón đầu đà tăng trưởng bất động sản TP Thủ Đức."
Kinh doanh,Dogecoin - từ 'trò đùa' thành tiền số giá trị hàng chục tỷ USD,"Dogecoin bắt đầu như một trò đùa, nhưng giờ trở thành tiền số đứng thứ 7 toàn thị trường về vốn hóa, đạt gần 40 tỷ USD."
Kinh doanh,Vàng có thể tăng giá tuần tới,"Giới phân tích cho rằng vàng đã rời xa ""thị trường gấu"", có thể tăng trở lại vào tuần tới khi kim loại quý đã vượt ngưỡng kháng cự 1.765 USD."
Kinh doanh,Bitcoin rơi thẳng đứng,"Tiền kỹ thuật số đồng loạt lao dốc trong sáng nay, với Bitcoin rơi thẳng đứng về dưới 56.000 USD."
Kinh doanh,Giá thuê văn phòng cao cấp vẫn tiếp đà giảm,"Quý I, cao ốc hạng A (cao cấp) bị trống chiếm 14%, giá thuê rớt 1,7-2% so với quý trước song đà giảm tốc bắt đầu chậm lại."
Giải trí,Phim 'Bố già' chiếu ở nước ngoài,"""Bố già"" - phim điện ảnh của Trấn Thành - chiếu ở Singapore và Malaysia hôm 22/4, sau khi đạt doanh thu hơn 400 tỷ đồng trong nước."
Giải trí,5 đạo diễn tranh giải Oscar 2021,"Hai đại diện châu Á - Chloé Zhao và Lee Isaac Chung - là ứng viên mạnh cho danh hiệu “Đạo diễn xuất sắc” tại Oscar 2021, trao ngày 25/4."
Giải trí,Vợ Chân Tử Đan: 'Anh ấy điên rồ khi cầu hôn tôi',"Uông Thi Thi nói Chân Tử Đan ""điên rồ"" khi cầu hôn cô sau hai tuần quen biết song cả hai mãn nguyện với hôn nhân."
Giải trí,Lâm Phong tức giận vì vợ bị lăng mạ,"Tài tử Hong Kong Lâm Phong cho biết hơn 20 năm hoạt động giải trí, điều anh không thể nhẫn nhịn là vợ bị lăng mạ vô cớ."
Giải trí,Angelina Jolie bỏ dở việc đạo diễn sau ly dị,Minh tinh Angelina Jolie cho biết không dám nhận đạo diễn phim vì phải dành thời gian cho các con sau khi cô ly dị Brad Pitt.
Giải trí,Hoàng Nhuận Cầm mãi hồn thơ tuổi 20,"Thơ Hoàng Nhuận Cầm được nuôi dưỡng từ dạn dày đời lính và từ những đổ vỡ, nhưng mãi đam mê với tình yêu, của đời thi sĩ."
Giải trí,'Hội sách xuyên Việt' thu hút hàng nghìn độc giả,"Sáu đơn vị xuất bản cùng tổ chức ""Hội sách xuyên Việt"" với nhiều chương trình giao lưu, ra mắt ấn phẩm mới, hôm 21/4."
Giải trí,Hilary Duff đóng ngoại truyện 'How I Met Your Mother',"Diễn viên Hilary Duff đóng chính kiêm sản xuất phần ngoại truyện series ""How I Met Your Mother""."
Giải trí,Jennifer Lopez chúc mừng sinh nhật con gái tình cũ,"Ca sĩ Jennifer Lopez chúc mừng sinh nhật Ella, con gái cựu danh thủ bóng chày Alex Rodriguez, sau khi hai người thông báo chia tay."
Giải trí,Dàn hoa hậu tham gia câu lạc bộ thiện nguyện,"Hoa hậu Đỗ Mỹ Linh, Tiểu Vy, Đỗ Thị Hà... hoạt động trong câu lạc bộ ""Suối mát từ tâm"" quyên góp gần một tỷ đồng giúp người nghèo."
Giải trí,Oscar 2021 - phim trực tuyến áp đảo,"Viện hàn lâm điện ảnh Mỹ hoàn toàn ""gật đầu"" với nền tảng trực tuyến khi số phim của các hãng này áp đảo Oscar 2021."
Giải trí,'Tháo gỡ phép màu' - hồi ký chiến đấu ung thư của nữ luật sư,"Tinh thần tích cực, chống chọi ung thư trước khi qua đời của luật sư Mỹ Julie Yip-Williams được thể hiện trong hồi ký ""Tháo gỡ phép màu""."
Giải trí,Quang Hà: 'Tôi thường bị đồn yêu đồng giới',"Quang Hà từng mệt mỏi trước tin đồn về giới tính, phủ nhận yêu quản lý nam."
Giải trí,12 đội tham gia Bán kết 'Dance For Youth' miền Nam,12 đội có lượt bình chọn online và được giám khảo đánh giá cao nhất sẽ thi đấu vào ngày 24/4 tại Đại học Kinh tế TP HCM.
Giải trí,Sắc vóc sao chuyển giới đẹp nhất Thái Lan,"Nong Poy, được bình chọn là sao chuyển giới đẹp nhất Thái Lan, giữ sức hút sau 17 năm vào nghề nhờ phong cách duyên dáng."
Giải trí,Phong cách Lê Khanh ở tuổi ngũ tuần,"Nghệ sĩ Nhân dân Lê Khanh diện đồ ngày càng hiện đại, sang trọng ở tuổi ngoài 50."
Giải trí,Chồng cũ hối hận vì ly hôn Youn Yuh Jung,"Ca sĩ Jo Young Nam - chồng cũ minh tinh Youn Yuh Jung - nói hối hận vì ngoại tình, ly hôn bà và bỏ rơi hai con trai."
Giải trí,Á hậu Phương Anh: 'Tôi học giỏi nhờ chơi nhiều',"Á hậu Phương Anh - vừa tốt nghiệp đại học loại giỏi - không áp lực điểm số khi là sinh viên, chú trọng phát triển kỹ năng mềm."
Giải trí,Hoàng Nhuận Cầm một đời chung thủy với thơ ca,Thi sĩ Hoàng Nhuận Cầm qua đời khi chưa kịp xuất bản tập thơ mới và một tuyển tập bình thơ.
Giải trí,Lý Hải trồng loạt cây ăn quả trên sân thượng,"Khi thăm các gốc mít, lựu... trên sân thượng, Lý Hải phấn khích phát hiện một tổ ong trên cây mận."
Giải trí,'Bác sĩ Hoa Súng' - nét hài duyên của Hoàng Nhuận Cầm,"Khán giả nhớ mãi vóc dáng gầy gò, tay cầm kim tiêm to của Hoàng Nhuận Cầm trong vai bác sĩ Hoa Súng ở chương trình ""Gặp nhau cuối tuần""."
Giải trí,Tranh đắt đỏ của châu Á,Tranh vẽ hòn đá của họa sĩ cung đình đời Minh Ngô Bân được mua với giá hơn 78 triệu USD.
Giải trí,"Orange, Hoàng Dũng hát về thất bại của người trẻ","Ca sĩ Orange, Hoàng Dũng ra MV ""Khi em lớn"", nói về những va vấp của giới trẻ xa nhà lập nghiệp, từ đó học cách trưởng thành."
Giải trí,Dàn siêu mẫu catwalk trên phố New York vắng người,"Naomi Campbell, Shalom Harlow... trình diễn trong show kỷ niệm 10 năm của Michael Kors hôm 20/4."
Giải trí,Lương Triều Vỹ lộ diện trong bom tấn Marvel,"Lương Triều Vỹ vào vai phản diện The Mandarin trong bom tấn ""Shang-Chi and the Legend of the Ten Rings"" của vũ trụ điện ảnh Marvel."
Giải trí,Con gái 21 tuổi của Lý Liên Kiệt,"Jane Li, con gái 21 tuổi của Lý Liên Kiệt, được nhiều khán giả nhận xét thừa hưởng vẻ đẹp của mẹ - hoa hậu Lợi Trí."
Giải trí,Brenda Song - ngôi sao gốc Thái tại Hollywood,"Diễn viên Brenda Song - vừa sinh con đầu lòng với bạn trai Macaulay Culkin - có cha là người H'Mông, mẹ người Thái Lan."
Giải trí,Diễn viên 'Thiên thần hộ mệnh' ngâm nước lạnh sáu tiếng,"Salim - diễn viên đóng phim 18+ ""Thiên thần hộ mệnh"" của Victor Vũ - ngâm bồn nước lạnh suốt sáu tiếng diễn cảnh tự sát."
Giải trí,Ellie Goulding chụp ảnh bầu khỏa thân,Ca sĩ Anh Ellie Goulding chụp ảnh nude khi mang bầu tháng thứ chín.
Giải trí,Olivia Culpo làm MC chung kết Hoa hậu Hoàn vũ,"""Mỹ nhân gợi cảm nhất thế giới"" Olivia Culpo sẽ thay MC Steve Harvey dẫn đêm chung kết Hoa hậu Hoàn vũ 2020."
Giải trí,Phim ăn khách Thái Lan lên sóng truyền hình Việt,"""Yêu thầm"" - phim hài lãng mạn gây ""sốt"" truyền hình Thái Lan năm 2020 - ra mắt khán giả Việt từ ngày 26/4."
Giải trí,Triển lãm gốm nghệ thuật 'Sắc hạ',"Triển lãm ""Sắc hạ"" trưng bày 75 tác phẩm gốm đến từ ba làng nghề Bát Tràng, Phù Lãng và Hương Canh."
Giải trí,Nhà thơ Hoàng Nhuận Cầm qua đời,"Nhà thơ Hoàng Nhuận Cầm qua đời chiều 20/4 tại nhà riêng, thọ 69 tuổi."
Giải trí,Quách Phú Thành tiễn biệt Liêu Khải Trí,"Tài tử Quách Phú Thành cùng nhiều đồng nghiệp dự tang lễ diễn viên Liêu Khải Trí tại nhà thờ, ngày 20/4."
Giải trí,Gia đình Beckham đi xem bóng đá cùng thông gia,Victoria và các con cùng gia đình tỷ phú Nelson Peltz - bố vợ Brooklyn - đến ủng hộ đội bóng của David Beckham thi đấu.
Giải trí,"Tượng về mẹ chồng, nàng dâu bị chỉ trích khiếm nhã",Bức tượng con dâu vén áo cho mẹ chồng bú sữa đặt ở khu du lịch phải gỡ bỏ vì bị du khách chỉ trích.
Giải trí,Khắc Việt bị gãy cổ tay,"Ca sĩ Khắc Việt cấp cứu vì gãy xương cổ tay phải khi tập kick-boxing, chiều 20/4."
Giải trí,Halle Berry thích đắp mặt nạ sữa chua,Halle Berry thường xuyên dùng sữa chua để dưỡng da khi ở nhà thời dịch.
Giải trí,Giới phê bình nhìn nhận lại văn học đô thị miền Nam,"Ông Phạm Xuân Nguyên, Mai Anh Tuấn nói ""Vòng tay học trò"" (Nguyễn Thị Hoàng) và nhiều tác phẩm văn học đô thị miền Nam từng bị đánh giá sai."
Giải trí,"Lý do tranh 'Chân dung cô Phương' có giá 3,1 triệu USD","Mức giá 3,1 triệu USD cho tác phẩm ""Chân dung cô Phương"" của Mai Trung Thứ được giới chuyên môn trong nước cho rằng không quá bất ngờ."
Giải trí,Lữ Tụng Hiền: 'Tôi không mê rượu thịt như Lệnh Hồ Xung',"Tài tử Hong Kong Lữ Tụng Hiền trả lời phỏng vấn VnExpress về kỷ niệm đóng phim ""Tiếu ngạo giang hồ 1996""."
Giải trí,Sao 'Minari' đến Mỹ dự Oscar,"Diễn viên Han Ye Ri - đóng chính phim ""Minari"" - đến Los Angeles, Mỹ chiều 20/4, chuẩn bị dự lễ trao giải Oscar."
Giải trí,Phương Thanh ra album loạt hit cũ,"Phương Thanh mất nửa năm hoàn thành album ""Trống vắng"" gồm tám ca khúc hit của cô ở thập niên 1990."
Giải trí,Kỳ Duyên diện loạt đồ hiệu mới,"Hoa hậu Kỳ Duyên diện đầm Valentino, Versace... xu hướng Xuân Hè 2021 trong bộ ảnh thời trang mới."
Giải trí,Sao nhí gây xúc động trong 'Hương vị tình thân',"Hà Anh gây xúc động cho khán giả qua vai Phương Nam - cô bé nhiều bất hạnh trong phim ""Hương vị tình thân"", phát sóng tập đầu tối 19/4."
Giải trí,Tiểu Vy diện loạt váy maxi đi biển,Hoa hậu Tiểu Vy diện loạt váy maxi chất liệu mềm mại thuộc bộ sưu tập Resort 2021 của Lê Thanh Hòa.
Giải trí,Kim Kardashian được nhiều người theo đuổi,"Nguồn tin thân cận Kim Kardashian cho biết nhiều người nổi tiếng, thành viên hoàng gia tán tỉnh cô sau quyết định ly dị Kanye West."
Giải trí,Bùi Công Duy trình diễn với hai dàn giao hưởng,"Bùi Công Duy sẽ độc tấu violin cùng Dàn nhạc Giao hưởng Hà Nội và Dàn nhạc Giao hưởng Nhà hát Nhạc vũ Kịch TP HCM vào ngày 24, 25/4."
Giải trí,Cao Thái Hà đón tuổi 31,"Cao Thái Hà mặc crop-top trắng, chụp ảnh ở Nha Trang, Khánh Hòa, dịp sinh nhật 31 tuổi, ngày 20/4."
Giải trí,Đại nhạc hội cảm hứng về hồi sinh sau lũ lụt,"Đại nhạc hội ""Nước - Hồi sinh"" - câu chuyện viễn tưởng về thế giới sau đại hồng thủy - diễn tại Nhà hát Trưng Vương tối 29/4."
Giải trí,Hoa hậu Canada đoàn tụ gia đình sau 21 năm,Nova Stevens - Hoa hậu Hoàn vũ Canada 2020 - lần đầu trở về quê hương Kenya sau 21 năm tị nạn.
Giải trí,Phim hành động của H'Hen Niê tung teaser,"Teaser phim hành động ""578: Phát đạn của kẻ điên"" hé lộ hình ảnh H'Hen Niê với vai diễn đầu tay."
Giải trí,5 ứng viên 'Nam chính xuất sắc' Oscar 2021,"Anthony Hopkins, Gary Oldman và Chadwick Boseman là những gương mặt tranh giải ""Nam diễn viên chính xuất sắc"" tại Oscar 2021."
Giải trí,Những bức tranh triệu USD của mỹ thuật Việt,"""Chân dung cô Phương"" của Mai Trung Thứ, ""Khỏa thân"" của Lê Phổ... nằm trong số các bức họa triệu USD trên sàn đấu giá công khai."
Giải trí,Ảnh cưới của Phan Mạnh Quỳnh,Ca sĩ Phan Mạnh Quỳnh và bà xã Huỳnh Khánh Vy chụp ảnh theo phong cách đơn giản với tông màu đen trắng.
Giải trí,Đại sứ Cộng hòa Czech khóc khi đọc thơ Lưu Quang Vũ,"Đại sứ Cộng hòa Czech - Vitezslav Grepl - bật khóc khi đọc những câu thơ trong bài ""Mây trắng của đời tôi"" của Lưu Quang Vũ."
Giải trí,Mỹ Duyên: 'Tôi không buồn vì bị chê khi đóng Kiều',"Bị nhiều khán giả chê ""diễn đơ"" khi đóng Thúy Kiều, Mỹ Duyên nói chị tiếp thu để nỗ lực cho dự án sau."
Giải trí,Đan Trường ra MV 'Thiên hạ hữu tình nhân',"Đan Trường kết hợp Juky San trong MV ""Thiên hạ hữu tình nhân"" - thu hút 1,6 triệu lượt xem sau hai ngày ra mắt."
Giải trí,Nhạc kịch 'Những người khốn khổ' hút khán giả,"Nhiều khán giả xúc động khi xem nhạc kịch ""Những người khốn khổ"" do Nhà hát Nhạc vũ kịch Việt Nam dàn dựng cuối tuần qua."
Giải trí,Oscar 2021 tổ chức theo mô hình 'phim tài liệu',"Oscar 2021 lần đầu tiên sẽ diễn ra theo cách như một phim tài liệu, với Brad Pitt, Harrison Ford, Halle Berry... dẫn chuyện."
Giải trí,Ái nữ CEO Huawei lần đầu đi sự kiện,"Annabel Yao, 23 tuổi, con gái của CEO Huawei Nhậm Chính Phi, lần đầu dự sự kiện từ khi gia nhập showbiz."
Giải trí,Nguyễn Thị Hoàng: 'Tôi từng tuyệt vọng vì Vòng tay học trò bị chê',"Nguyễn Thị Hoàng nói khi ""Vòng tay học trò"" xuất bản năm 1966, bà từng tuyệt vọng vì sách bị nhận xét ""đồi trụy""."
Giải trí,Ngày sách Việt Nam nhiều hoạt động,"Hội sách trực tuyến, các tọa đàm, chương trình ra mắt sách diễn ra ở cả Hà Nội và TP HCM, nhằm chào mừng Ngày sách Việt Nam - 21/4."
Giải trí,Singapore tổ chức lễ trao giải ở sân bay,"Phạm Văn Phương, Trịnh Huệ Ngọc... dự lễ trao giải Star Awards 2021 tại sân bay Changi, tối 18/4."
Giải trí,Ôn Triệu Luân bị chế giễu,"Ôn Triệu Luân, tài tử đóng ""Nghĩa bất dung tình"", đáp trả khi bị chế giễu ""hết thời, bán băng vệ sinh phụ nữ""."
Giải trí,Đỗ Mạnh Cường tổ chức sinh nhật hồng cho con gái,"Đỗ Mạnh Cường thiết kế không gian ngập sắc hoa hồng, lên ý tưởng trang phục màu hồng cho khách dự tiệc sinh nhật con gái anh - bé Mymy."
Giải trí,Mẹ Mark Wahlberg qua đời,"Ngôi sao truyền hình Alma Wahlberg - mẹ tài tử Mark Wahlberg - qua đời ở tuổi 78, hôm 18/4."
Giải trí,Tài tử 'Ngộ Không truyện' gây náo loạn Thiếu Lâm tự,"Diễn viên Dương Địch - đóng ""Ngộ Không truyện"" - livestream ở Thiếu Lâm tự, gây cảnh ùn tắc, khiến nhiều du khách bất mãn."
Giải trí,'Hoa hậu Du lịch Việt Nam toàn cầu' nhận thí sinh chuyển giới,"""Hoa hậu Du lịch Việt Nam Toàn cầu 2021"" là cuộc thi sắc đẹp đầu tiên trong nước chấp nhận thí sinh chuyển giới."
Giải trí,Taylor Swift phá kỷ lục của The Beatles,"Taylor Swift phá kỷ lục chuỗi ba album đứng đầu thị trường Anh nhanh nhất của The Beatles với ""Fearless""."
Giải trí,Loạt ca sĩ diện đầm tôn ngực,"Ca sĩ Martina McBride, Miranda Lambert... diện trang phục tôn ngực tại lễ trao giải nhạc đồng quê tối 18/4 (giờ địa phương)."
Giải trí,​Tái hiện tổ ấm Lưu Quang Vũ - Xuân Quỳnh,"Căn phòng 6 m2 đầy sách, cùng hoa và giá vẽ của Lưu Quang Vũ - Xuân Quỳnh được phục dựng tưởng nhớ hai thi sĩ."
Giải trí,Cảm hứng sáng tạo cho loạt phim ăn khách của Victor Vũ,"Victor Vũ cho biết gia đình và không gian sống là gốc rễ của mọi sáng tạo, động lực để anh chạm đến những mốc son sự nghiệp."
Giải trí,Nữ ca sĩ da đen dẫn lễ trao giải nhạc đồng quê Mỹ,Ca sĩ Mickey Guyton trở thành phụ nữ da đen đầu tiên dẫn chương trình trao giải Academy of Country Music Award (ACM).
Giải trí,"Tranh 'Chân dung cô Phương' đạt kỷ lục 3,1 triệu USD","Bức tranh ""Chân dung cô Phương"" của Mai Trung Thứ đạt 3,1 triệu USD - kỷ lục tranh Việt - trong phiên đấu giá chiều 18/4."
Giải trí,Lý Hải: 'Vợ sẵn sàng bán nhà để tôi làm phim',"Khi Lý Hải mất 10 tỷ đồng vì ""Lật mặt 5"" hoãn chiếu thời dịch, vợ khuyên anh vững tinh thần, dù phải bán nhà vẫn làm phim."
Giải trí,Bức Tường 'cháy' cùng hơn 1.000 khán giả,"Bức Tường hát, chơi nhạc dưới mưa, cùng người hâm mộ điểm lại chặng đường hơn 20 năm của nhóm trong đêm nhạc ""Trở về"", tối 17/4."
Pháp luật,Cựu bộ trưởng Vũ Huy Hoàng không nhận trách nhiệm,Cựu bộ trưởng Công Thương Vũ Huy Hoàng khai không quản lý trực tiếp Sabeco mà trách nhiệm thuộc về các thứ trưởng phụ trách.
Pháp luật,Sai phạm bị cáo buộc của cựu giám đốc Bệnh viện Bạch Mai,"Ông Nguyễn Quốc Anh, cựu giám đốc Bệnh viện Bạch Mai, bị cáo buộc liên quan tự ý liên kết với doanh nghiệp khiến bệnh nhân trả thêm hơn 16 triệu đồng mỗi ca phẫu thuật."
Pháp luật,Xác minh căn cứ miễn tử hình đối với cựu giám đốc ngân hàng,"Chưa thể xác định bà Nguyễn Thị Hoàng Oanh - bị kháng nghị tăng án lên tử hình, có hay không phạm tội trong thời gian nuôi con dưới 3 tuổi, tòa hoãn xử."
Pháp luật,Nghi phạm sát hại Bí thư phường là công an,"Vũ Thành Công, 31 tuổi, cán bộ Đội điều tra tổng hợp Công an TP Nha Trang, bị xác định là người đâm Bí thư phường Ninh Hiệp tử vong."
Pháp luật,"Sát hại chị, cướp tiền đi du lịch","Lê Lâm Trường, 26 tuổi, đánh chết chị ruột, lấy 3 cây vàng và hơn 100 triệu đồng dẫn người yêu đi du lịch."
Pháp luật,Luật sư dìu cựu bộ trưởng Vũ Huy Hoàng vào phiên tòa,"Cựu bộ trưởng Công Thương Vũ Huy Hoàng được luật sư Nguyễn Quang Tuyến dìu đi vào khu vực xét xử với lý do sức khỏe yếu, sáng 22/4."
Pháp luật,"Mua phải sản phẩm lỗi, phải làm gì?","Toà án đang xét xử vụ Sabeco bị kiện đòi bồi thường vì người tiêu dùng mua phải chai bia Sài Gòn bị lỗi, nhưng phía công ty không thừa nhận sản phẩm đó của mình."
Pháp luật,6 việc nên kiểm tra để tránh rủi ro mua đất nền,"Hạn chế rủi ro khi mua đất nền, người mua cần nắm vững quy định pháp lý và biết cách kiểm chứng thông tin của dự án."
Pháp luật,Có phải sửa sổ đỏ khi chuyển sang dùng thẻ căn cước gắn chip?,Sổ đỏ nhà đất của vợ chồng tôi ghi thông tin của chứng minh nhân dân 9 số của cả hai. (An Thuyên)
Pháp luật,Vũ 'Nhôm' nhờ thầy phong thuỷ giúp đưa hối lộ,"Phan Văn Anh Vũ (46 tuổi, Vũ ""Nhôm"") bị cáo buộc đưa hối lộ qua Hồ Hữu Hoà để nhờ tìm hiểu về những vụ án đang bị điều tra."
Pháp luật,Gia đình 2 thiếu niên đề nghị khởi tố bảo vệ dân phố,"Luật sư và gia đình của 2 thiếu niên - bị bảo vệ dân phố đánh trong trường Nguyễn Văn Tố, quận 10, đề nghị cơ quan điều tra khởi tố vụ án, khởi tố bị can."
Pháp luật,Quy định miễn tội cho kẻ cưỡng hiếp nếu cưới nạn nhân,"Khi 15 tuổi, Aya bị gia đình ép kết hôn với kẻ cưỡng hiếp mình, một nam thanh niên lớn hơn cô bé 9 tuổi."
Pháp luật,Cựu bộ trưởng Vũ Huy Hoàng 'sức khoẻ yếu',"Luật sư cho biết cựu bộ trưởng Công Thương Vũ Huy Hoàng sức khoẻ yếu song vẫn cố gắng để hầu toà vào ngày mai, 22/4."
Pháp luật,Định trốn ra nước ngoài sau khi trộm vàng,"Trần Phúc Thái sau khi trộm vàng vài tài sản trị giá hơn 400 triệu đồng đã làm visa để trốn sang Nga, bị cảnh sát bắt trước ngày xuất cảnh."
Pháp luật,Bí thư phường bị đâm tử vong,"Ông Lê Bá Thuận, 45 tuổi, Bí thư phường Ninh Hiệp, thị xã Ninh Hòa, xảy ra cãi vã khi đến nhà người quen chơi, bị đâm chết."
Pháp luật,4 vụ án làm thay đổi cách nhận tin của cảnh sát Mỹ qua 911,Cái chết bi kịch của bốn phụ nữ dẫn tới những thay đổi trong cách xử lý thông tin của cảnh sát qua đường dây gọi khẩn cấp 911.
Pháp luật,Cách tính tiền lương khi nghỉ hưu trước tuổi?,"Tôi là nữ 52 tuổi, tính đến hiện tại tôi đã đóng bảo hiểm xã hội được 30 năm 4 tháng. (Lê Ngọc)"
Pháp luật,Phải làm gì để nhận bé gái bị bỏ rơi làm con?,Ba hôm trước bé gái sơ sinh bị bỏ trước cửa nhà tôi. Hiện tôi được giao chăm sóc cháu. Tôi có thể nhận cô bé làm con nuôi không và thủ tục như thế nào? (Vương Linh)
Pháp luật,Hai người bị phạt tử hình trong vụ vứt 31 kg ma túy,"Thái Ngọc Hoàng và Phan Văn Tịnh bị phạt tử hình, Nguyễn Đình Chính án chung thân do vận chuyển thuê 31 kg ma túy."
Pháp luật,Truy tìm tài xế hất văng cảnh sát giao thông,"Công an truy tìm tài xế xe Mazda bất tuân hiệu lệnh, hất văng một cảnh sát giao thông trong lúc tháo chạy."
Pháp luật,Điều tra số tiền thu lợi bất chính của Trịnh Sướng,"Toà cho rằng một số tình tiết mới phát sinh trong vụ án Trịnh Sướng và đồng phạm sản xuất xăng giả, số tiền thu lợi bất chính của các bị cáo chưa được làm rõ."
Pháp luật,3 người liên quan Facebooker Trương Châu Hữu Danh bị bắt,"Nguyễn Thanh Nhã cùng hai người khác đều từng làm trong các cơ quan báo chí tại TP HCM, bị bắt để điều tra hành vi Lợi dụng các quyền tự do dân chủ xâm phạm lợi ích Nhà nước..."
Pháp luật,Lộ đường dây làm giả giấy tờ từ hai xe Mercedes trùng biển,"Nguyễn Đình Minh Lãm, 30 tuổi, bị cáo buộc cầm đầu đường dây làm giả giấy tờ sau việc hai chiếc Mercedes E300 cùng biển số ""chạm mặt"" nhau trên đường."
Pháp luật,Cựu tổng giám đốc Gang thép Thái Nguyên phải bồi thường 130 tỷ đồng,Ông Trần Trọng Mừng bị phạt 9 năm 6 tháng tù và liên đới bồi thường 130 tỷ đồng do là chủ mưu vụ án gây thất thoát tài sản tại Gang thép Thái Nguyên.
Pháp luật,Nam sinh đâm chết bạn do mâu thuẫn đá bóng,Nguyễn Gia Huy bị điều tra hành vi đâm chết bạn lớp 9 và gây thương tích cho một nam sinh lớp 8 sau va chạm trên sân cỏ.
Pháp luật,Nữ đại tá 'dỏm',"Đào Thanh Tâm, 45 tuổi, xưng là đại tá Cục trưởng An ninh Tây Bắc... có thể xin việc và ""chạy"" những vấn đề pháp luật, lừa tiền nhiều người."
Pháp luật,Kiện Sabeco vì 'chai bia lỗi',"Ông Nguyễn Phương Du, 46 tuổi, kiện Sabeco đòi bồi thường hơn một triệu USD (hơn 23 tỷ đồng) vì cho là mua phải chai bia bị lỗi nhưng sau đó rút yêu cầu."
Pháp luật,Con 2 tuổi của người giúp việc bị chủ nhà xâm hại,"Nguyễn Quốc Lâm, 38 tuổi, bị bắt với cáo buộc hãm hại bé gái 2 tuổi con của người phụ việc."
Pháp luật,Giám định huyết thống cựu giám đốc ngân hàng bị đề nghị tử hình,"VKSND Cấp cao đề nghị giám định độ tuổi, huyết thống người con của bà Nguyễn Thị Hoàng Oanh - đang bị đề nghị án tử hình, để cân nhắc hình phạt."
Pháp luật,Cựu trưởng Ban Dân tộc Nghệ An bị khởi tố,"Ông Lương Thanh Hải, cựu trưởng ban Dân tộc tỉnh Nghệ An, bị xác định liên quan tới vụ án tham ô xảy ra tại đơn vị này."
Pháp luật,Nhận mang thai hộ giá hơn 800 triệu đồng,"Bùi Thị Hiền, 33 tuổi, bị cáo buộc cầm đầu đường dây mang thai hộ với giá hơn 800 triệu đồng một người."
Pháp luật,Vứt rác trả thù đồng nghiệp cũ suốt 3 năm,"Ông Larry Pope, 76 tuổi, đều đặn vứt cốc café trước nhà đồng nghiệp cũ suốt ba năm do có hiềm khích từ hồi còn làm việc chung."
Pháp luật,Tông xe chặn đường tháo chạy của nghi phạm,"Dwayne Walker, 58 tuổi, tông xe chặn đường kẻ giết người sau khi chứng kiến cái chết của bạn gái."
Pháp luật,Chứng cứ mới trong vụ dược sĩ kiện Bệnh viện 115,"Bệnh viện Nhân dân 115 đưa ra toa thuốc có nội dung không giống tài liệu dược sĩ cung cấp cho tòa để chứng minh con ốm, HĐXX dừng phiên tòa."
Pháp luật,Điều kiện gì giúp phạm nhân được tha tù trước hạn?,"Người phạm tội lần đầu, có ý thức cải tạo tốt và chấp hành xong ít nhất một phần hai mức phạt sẽ được tha tù trước hạn."
Pháp luật,"Mang nhiều giáo mác, tuýp sắt đi trả thù","Nguyễn Trung Dũng và Nguyễn Tiến Hưng mang 17 giáo mác, tuýp sắt đi tìm nhóm đối thủ giải quyết mâu thuẫn thì bị công an bắt, sáng 19/4."
Pháp luật,Bắt cá phóng sinh có bị xử lý không?,Mùng 1 và rằm tôi thường mua cá số lượng lớn để phóng sinh nhưng mỗi khi thả xuống sông lại bị nhóm người đi ghe nhào đến xiệt điện rồi vớt sạch.
Pháp luật,Mạo nhận là bố để bắt cóc trẻ em,"Gã họ Phán giữ chặt một bé gái đang đi bộ, cố lôi ra khỏi vòng tay của người mẹ. Hắn mạo nhận là bố của em bé để thanh minh khi bị đám đông bao vây."
Pháp luật,Bắn người vì món nợ 4 triệu đồng,"Bực tức vì chủ nợ đòi 4 triệu đồng, Nguyễn Duy Hải, 34 tuổi, tìm đến nơi chửi bới rồi rút súng bắn 4 phát khiến nạn nhân bị thương nặng."
Pháp luật,Nghi phạm bị bắt sau khi đến đám tang bé gái ở Vũng Tàu,"Phạm Văn Dũng, 46 tuổi, bị bắt sau khi đến đám tang chia buồn với cái chết của bé gái 5 tuổi ở TP Bà Rịa, với cáo buộc là hung thủ sát hại nạn nhân."
Pháp luật,Mạo danh người làm từ thiện để trộm tiền,"Nghi can mới ra tù Nguyễn Thị Thịnh, 32 tuổi, giả danh người làm từ thiện đến hỗ trợ tiền xây nhà để trộm 35 triệu đồng của cụ bà 70 tuổi."
Pháp luật,VKS không đồng ý tha tù trước hạn cho Phan Sào Nam,"VKSND Cấp cao kháng nghị giám đốc thẩm, đề nghị hủy quyết định giảm án cho cựu chủ tịch VTC Online Phan Sào Nam, bị cáo trong vụ đánh bạc chục nghìn tỷ đồng."
Pháp luật,Đạo chích đóng giả người ăn xin,"Nguyễn Thị Kim Phượng, 28 tuổi, đóng giả người ăn xin để tìm những ngôi nhà không khóa cửa."
Pháp luật,Tài xế đâm chết hai người bị khởi tố,"Châu Văn Ánh, 46 tuổi, bị khởi tố với cáo buộc lái ôtô khi đã uống rượu, tông vào bốn xe máy làm hai người chết."
Pháp luật,Hơn 100 cảnh sát vây bắt phạm nhân vượt ngục,"Các lực lượng của Trại giam Hồng Ca, Bộ Công an và Công an tỉnh Yên Bái đang phối hợp để vây bắt phạm nhân Triệu Văn Tài, 43 tuổi."
Pháp luật,CSGT bị ném ớt bột vào mặt,"Bị lực lượng chức năng truy đuổi, Nguyễn Đại Vỹ, 17 tuổi, ngồi sau xe bạn ném bịch ớt bột vào mặt hai CSGT để tẩu thoát."
Pháp luật,Dùng mèo vận chuyển ma túy,Một con mèo lông trắng bị nhà chức trách bắt ngoài nhà tù với túi chứa ma túy cuốn quanh người.
Pháp luật,CSGT chặn hai nhóm 'quái xế' ở Sài Gòn,"Hàng chục thanh thiếu niên chạy xe máy nẹt pô, chặn nhiều tuyến đường ở quận 7 và quận 12 để làm đường đua, bị cảnh sát vây bắt."
Pháp luật,Nghi can sát hại bé gái ở Vũng Tàu bị bắt,"Phạm Văn Dũng, 46 tuổi, bị bắt với cáo buộc xâm hại và giết bé gái 5 tuổi ở bãi đất trống phường Long Tâm, TP Bà Rịa, sáng 19/4."
Pháp luật,"Đất nằm trong quy hoạch, có được mua bán?","Tôi muốn mua mảnh đất ở xã bên nhưng nghe nói diện tích nó nằm trong quy hoạch. Làm thế nào để tôi có thể tra cứu, biết đất có bị quy hoạch hay không? (Lam Thanh)"
Pháp luật,"Sổ đỏ chỉ đứng tên vợ, chồng có mất quyền lợi?","Tôi và vợ mua thửa đất bằng tiền chung. Vừa qua đi xin cấp giấy chứng nhận quyền sử dụng đất, khi nhận về, tôi chỉ thấy tên vợ trên đó. (Văn Chiến)"
Pháp luật,Nổ súng bắn người rồi trốn xuống TP HCM,"Nguyễn Duy Hải, 34 tuổi, bị cáo buộc dùng súng ngắn bắn hai cha con ở huyện Lâm Hà rồi bỏ trốn xuống TP HCM."
Pháp luật,Bí mật dưới lớp ga trải giường,Bà Nancy Pfister luôn có cách để người thuê nhà làm theo ý mình cho tới khi gặp phải hai vị khách tuyệt vọng.
Pháp luật,Hàng trăm người vây bắt phạm nhân bỏ trốn,Hàng trăm công an và người dân địa phương vây bắt phạm nhân Hồ A Dục khi ông này bỏ trốn trên một quả đồi tại xã Mò Ó (huyện Đăkrông).
Pháp luật,Bé gái 5 tuổi tử vong bất thường,"Thi thể bé gái được phát hiện ở bãi đất trống gần nhà, cơ thể có dấu hiệu bị bóp cổ, xâm hại."
Pháp luật,Sự trở mặt của người đàn bà lừa đảo,"Hứa hẹn ""chạy"" bằng liệt sĩ giúp người nhà bà Ngọc, song một tháng sau khi nhận tiền, Nguyễn Thị Yến doạ ""giục nhiều tôi dỗi, không làm"", rồi cắt liên lạc."
Pháp luật,Chuyển 11 kg ma túy bằng xe khách,"Phát bắt xe khách vào TP HCM, trong hành lý chứa 11 kg ma tuý đá và Ketamine."
Pháp luật,Bé gái 7 tuổi bị hàng xóm xâm hại,"Phan Thành Tường, 42 tuổi, ở thị xã Tân Châu dụ dỗ, giở trò đồi bại với bé gái hàng xóm qua nhà chơi."
Pháp luật,'Quái xế' trên cao tốc Long Thành bị xem xét xử lý hình sự,"Công an TP HCM khởi tố vụ án, điều tra hàng trăm thanh niên đã chặn một đoạn cao tốc Long Thành - Dầu Giây, đoạn qua TP Thủ Đức, để làm đường đua tốc độ."
Pháp luật,Lê Chí Thành bị xem xét thêm tội,"Phó giám đốc Công an TP HCM cho biết, Youtuber Lê Chí Thành đang bị xem xét xử lý về hành vi lợi dụng các quyền tự do dân chủ, ngoài tội danh vừa bị khởi tố."
Pháp luật,10 bí mật trong nghề luật sư Mỹ,"Luật sư bào chữa luôn cố gắng bảo vệ thân chủ tốt nhất có thể, bất kể mức độ nghiêm trọng của hành vi gây án."
Pháp luật,Tranh cãi nguyên nhân của hành vi hiếp dâm,"Năm 1976, một mẩu quảng cáo trên những tờ báo ở thành phố Los Angeles mở đầu bằng câu hỏi bất thường: ""Bạn có phải kẻ hiếp dâm không?""."
Pháp luật,"Trói tay cụ ông, xâm hại bé 13 tuổi","Đồng Văn Tiền, 37 tuổi, trong cơn say rượu đã trói tay cụ ông chủ nhà để giở trò đồi bại với con riêng của vợ."
Pháp luật,Nguyên trưởng công an huyện bị chém tử vong,"Sau cuộc nhậu với em trai, ông Trần Việt Tiến, nguyên trưởng Công an huyện Tư Nghĩa, được phát hiện đã chết với vết thương trên cổ."
Pháp luật,Cựu chủ tịch Tổng công ty Thép Việt Nam xin lỗi đồng nghiệp,"Ông Mai Văn Tinh nhận trách nhiệm trong vụ án tại Gang thép Thái Nguyên, nói ""còn nợ rất nhiều những mong muốn ước vọng"" của bạn bè, đồng nghiệp."
Pháp luật,Kẻ gian lộ tẩy vì rạch lốp chiếc xe có 8 camera,"Dushko Vulchev, 44 tuổi, rạch lốp một chiếc xe tự hành của hãng Tesla mà không biết xung quanh xe là hệ thống camera liên tục ghi hình."
Pháp luật,Tài xế xe công nghệ trình báo bị lừa vận chuyển 1.000 viên ma tuý,"Một tài xế xe máy nhận đơn qua ứng dụng, khi giao hàng bất thành mở ra kiểm tra đã phát hiện bên trong là 1.000 viên ma tuý tổng hợp."
Pháp luật,Nạn nhân tử vong sau tai nạn là nghi can giết người,"Nguyễn Tí Hon, 32 tuổi, bị tình nghi sát hại bạn gái, sau đó chạy xe máy tông vào ôtô ngược chiều tử vong tại chỗ."
Pháp luật,Giám đốc Đất Vàng Hoàng Gia phải chữa bệnh tâm thần,"Trần Thị Mỹ Hiền, Giám đốc Công ty Đất Vàng Hoàng Gia, bị cáo buộc chủ mưu chiếm đoạt hơn 260 tỷ đồng bằng dự án không có thật, nhưng ""mắc bệnh tâm thần""."
Pháp luật,Huyền thoại về cảnh sát miền viễn Tây,"Khi Bass Reeves ra đời năm 1838, không ai biết cậu bé nô lệ này sẽ trở thành huyền thoại cảnh sát của miền viễn Tây."
Pháp luật,"Theo bạn đi trộm, trẻ 13 tuổi có bị xử lý không?","Con tôi 13 tuổi, cùng nhóm bạn đi trộm xe máy và bị bắt quả tang, đang bị tạm giữ tại công an phường. Con tôi có bị phạt tù hay đưa và trường giáo dưỡng không? (Lan Phương)."
Pháp luật,Lĩnh án vì lừa tiền người đàn ông muốn bán dâm,"Hồ Công Tài bị phạt một năm tù vì giả phụ nữ, đăng tin tuyển người bán dâm cho quý bà để lừa tiền người muốn đăng ký."
Pháp luật,Dùng 'video nóng' tống tiền bạn tình,"Phan Thị Tư, 44 tuổi, quay video cảnh quan hệ tình dục với người đàn ông 63 tuổi rồi dọa tung lên mạng nhằm tống tiền."
Pháp luật,Nguyên đơn dân sự vụ án Gang thép Thái Nguyên không đòi bồi thường,"Đại diện Công ty Gang thép Thái Nguyên (TISCO) nói không yêu cầu được bồi thường 830 tỷ đồng thiệt hại song thẩm phán nói từ chối này ""không có ý nghĩa""."
Pháp luật,Thượng tướng Lê Quý Vương: Chống ma túy như chống Covid-19,"Bộ Công an sẽ ""chống ma túy như chống Covid-19"", không chỉ bắt giữ ở trong nước mà chủ động tấn công từ bên ngoài, theo Thứ trưởng Bộ Công an Lê Quý Vương."
Pháp luật,Lừa góp vốn với lãi suất 20%,"Võ Thị Minh Hiền bị phạt 20 năm tù vì nói dối kinh doanh mỏ, quặng, dụ góp vốn để chiếm đoạt 11,7 tỷ đồng."
Pháp luật,Người mẹ nghèo tha thứ cho kẻ giết con,"Con trai bị sát hại, song bà Nguyễn Thị Nói, 61 tuổi, xin tòa giảm nhẹ hình phạt cho bị cáo và không yêu cầu bồi thường tổn thất tinh thân, cấp dưỡng."
Giáo dục,Giảng viên 9X chỉ ra 5 lỗi khiến 'nghe mãi không giỏi',"Thay vì luyện nhiều giờ liên tục trong ngày hay nghe những bài khó, cô giáo Diễm Hằng khuyên bạn nên cải thiện phát âm đúng và bắt đầu với bài đơn giản."
Giáo dục,Hà Nội dừng tuyển sinh hệ song bằng lớp 6,"Năm học 2021-2022, 7 trường THCS của Hà Nội dừng tuyển sinh hệ song bằng lớp 6 do thời hạn 3 năm thí điểm chương trình đã kết thúc."
Giáo dục,Bốn đại học Việt Nam vào top trường có tầm ảnh hưởng,"Đại học Quốc gia Hà Nội, Tôn Đức Thắng, Bách khoa Hà Nội, Phenikaa góp mặt trong bảng xếp hạng Impact Rankings do Times Higher Education công bố tối 21/4."
Giáo dục,Nữ sinh chuyên Anh giành 9 học bổng đại học ở Mỹ,"Tôn Nữ Cẩm Nhiên, học sinh lớp 12 trường THPT chuyên Lê Hồng Phong, giành 9 học bổng đại học Mỹ, trong đó có Đại học Cornell."
Giáo dục,"Đại học Kiểm sát Hà Nội không tuyển nữ dưới 1,55 m","Năm 2021, Đại học Kiểm sát Hà Nội vẫn tổ chức sơ tuyển thí sinh, trong đó đặt ra yêu cầu nữ cao từ 1,55 m, nặng 45 kg trở lên."
Giáo dục,Học viện Y Dược học cổ truyền tuyển 950 sinh viên,Học viện Y Dược học cổ truyền Việt Nam chỉ tuyển sinh 3 ngành bằng xét tuyển thẳng và dựa vào kết quả thi tốt nghiệp THPT.
Giáo dục,Đáp án bài toán điền số trong IMSO 2019,Bài toán tổ hợp về điền số do Việt Nam đề nghị trong kỳ thi IMSO 2019 là một thách thức không nhỏ khi bạn chỉ có 3 phút để giải.
Giáo dục,Phụ huynh tìm cách bảo vệ con trước đồ chơi thiếu an toàn,"Một số phụ huynh không cho con tiền mua đồ ăn ngoài cổng trường, trong khi số khác hướng dẫn cách nhận diện đồ chơi thiếu an toàn."
Giáo dục,"Học phí Y dược cao nhất 220 triệu năm, thấp nhất 12 triệu","Đại học Quốc tế Hồng Bàng thu học phí cao nhất 220 triệu đồng mỗi năm ngành Răng hàm mặt, Y khoa; Đại học Tây Nguyên có mức học phí 12 triệu đồng ngành Y khoa."
Giáo dục,Hai đại học tư thục ở Hà Nội tuyển sinh ngành Y khoa,"Đại học Đại Nam, Kinh doanh và Công nghệ Hà Nội tuyển sinh ngành Y khoa bằng điểm thi tốt nghiệp THPT và cả học bạ với rất nhiều tổ hợp."
Giáo dục,Hiệu trưởng phủ xanh trường học,"Suốt 20 năm, Alok Tripathi, hiệu trưởng một trường phổ thông tại huyện Satna, bang Madhya Pradesh, đã biến khu đất khô cằn của trường thành ốc đảo xanh."
Giáo dục,10 câu khen ngợi phổ biến trong tiếng Anh,"Để khen ngợi, bạn có thể dùng các cấu trúc câu có tính từ như ""You look great today"", còn khi khuyến khích ai đó, bạn có thể dùng một số câu tùy ngữ cảnh."
Giáo dục,Hai năm du học sóng gió của chàng trai 9X,"Bể đề tài luận văn ở phút chót do Covid-19, Phan Quốc Dũng, 26 tuổi, ngỡ mình không thể hoàn thành chương trình để lấy hai bằng thạc sĩ ở châu Âu."
Giáo dục,Tiến sĩ chia sẻ chuyện đời khó nhọc trong luận án,"Suốt 22 năm, tiến sĩ Hoàng Quốc Bình kiên định niềm tin: Học rồi bước ra thế giới để không sống phí hoài kiếp này."
Giáo dục,Chiến lược giành học bổng liên kết tại New Zealand,"Giành bốn học bổng trong hai năm, anh Nguyễn Văn Phúc cho rằng tạo chiến lược học tập để đạt điểm cao là tiêu chí quyết định."
Giáo dục,Bốn câu đố kiểm tra IQ,"Vừa tìm quy luật vừa tính toán, liệu bạn có thể tìm ra đáp án cho mỗi câu đố điền số trong một phút?"
Giáo dục,4 kỹ năng tiếng Anh nên có của thế hệ Z,Thế hệ Z cần cân bằng kỹ năng giao tiếp (Communication); tư duy phản biện (Critical Thinking); tính sáng tạo (Creativity) và kỹ năng hợp tác (Collaboration).
Giáo dục,Danh sách trường đại học xét tuyển bằng chứng chỉ IELTS,"ĐH Ngoại Thương Hà Nội, ĐH Bách Khoa Hà Nội, ĐH Kinh tế quốc dân... chọn quy đổi điểm IELTS để xét tuyển."
Giáo dục,Đại học Sư phạm Kỹ thuật TP HCM có hiệu trưởng mới,"PGS Nguyễn Trường Trịnh, Trưởng khoa Cơ khí chế tạo máy, làm Hiệu trưởng Đại học Sư phạm Kỹ thuật TP HCM nhiệm kỳ 2020-2025, thay PGS Đỗ Văn Dũng hết tuổi quản lý."
Giáo dục,Khó kiểm soát đồ chơi không rõ nguồn gốc,"Các trường chủ yếu tuyên truyền, giáo dục học sinh tránh xa đồ chơi độc hại trong khi chính quyền cứ ""dẹp xong lại tái diễn bán hàng trước cổng trường""."
Giáo dục,TP HCM công bố hơn 67.000 chỉ tiêu vào lớp 10 công lập,"114 trường THPT công lập tại TP HCM có hơn 67.000 chỉ tiêu lớp 10 năm học 2021-2022, theo công bố của Sở Giáo dục và Đào tạo, chiều 20/4."
Giáo dục,Trường học Trung Quốc lùi giờ vào lớp để học sinh ngủ thêm,"Để học sinh tiểu học ngủ đủ 10 tiếng mỗi ngày, THCS và THPT 8-9 tiếng, các trường học tại Trung Quốc đồng loạt lùi giờ học 30-45 phút."
Giáo dục,Cậu bé lớp 6 dạy rubik miễn phí tại nhà,"Giành huy chương ở các giải đấu cờ vua, tin học, Cao Quốc Khánh tiếp tục chinh phục rubik, đến các làng trẻ SOS dạy và mở lớp miễn phí tại nhà."
Giáo dục,Học bổng liên kết New Zealand dành cho sinh viên Việt Nam,"8 đại học tại New Zealand triển khai gần 20 chương trình liên kết với các trường Việt Nam, hỗ trợ nhiều học bổng trị giá cả trăm triệu đồng."
Giáo dục,Hạn chế dùng sách tham khảo trong trường học,"Lãnh đạo Bộ Giáo dục và Đào tạo khẳng định, trong trường học chỉ sử dụng chính thức sách giáo khoa, rất hạn chế dùng sách tham khảo."
Giáo dục,Đoán tên các môn thể thao,"Với chiếc giỏ và quả bóng, trong vòng 19 giây, liệu bạn có thể đoán được tên môn thể thao này?"
Giáo dục,Vinh danh 120 học sinh giành giải Vật lý và khoa học quốc tế,"Ngày 20/4, Hội Vật lý Việt Nam tổ chức vinh danh 120 học sinh đoạt giải ở 9 cuộc thi quốc tế liên quan đến Vật lý và khoa học trong năm 2020."
Giáo dục,Gỡ khó cho trường đào tạo nghệ thuật,"Nghị định về đào tạo chuyên sâu, đặc thù trong văn hóa, nghệ thuật dự kiến được ban hành trong quý IV/2021 nhằm giải quyết bất cập trong lĩnh vực này."
Giáo dục,Đề cương ôn tập bài kiểm tra tư duy của ĐH Bách khoa Hà Nội,"Đại học Bách khoa Hà Nội công bố đề cương ôn tập bài kiểm tra tư duy với ba phần là Toán, Đọc hiểu và tự chọn với các ví dụ cụ thể."
Giáo dục,Bài tập điền giới từ,"10 câu trắc nghiệm sau sẽ giúp bạn củng cố cách dùng các giới từ ""to"", ""with"", ""for"", ""of"" trong tiếng Anh."
Giáo dục,Học sinh Đà Nẵng so tài với siêu trí tuệ Đức Giang,Siêu trí tuệ Việt Nam mùa 2 ngạc nhiên trước khả năng tư duy không gian của học sinh Đà Nẵng tại Ngày hội Toán học mở 2021.
Giáo dục,Nhiều trường đại học xét tuyển chứng chỉ IELTS,IELTS là một trong những điều kiện xét tuyển được nhiều trường đại học lớn sử dụng trong năm học 2021-2022.
Giáo dục,Trường PTLC Olympia phát triển phong trào tranh biện tại Hà Nội,"Trường PTLC Olympia nỗ lực phát triển phong trào tranh biện trong và ngoài trường 5-6 năm trước, khi hình thức này chưa phổ biến tại Hà Nội."
Giáo dục,Đồ chơi không rõ nguồn gốc bủa vây học sinh,"Túi bột ""chất dẻo ma quái"" slime, kẹo dẻo không rõ nguồn gốc, kẹo thuốc lá... được bày bán ngoài cổng trường, thu hút nhiều học sinh."
Giáo dục,Kiểm tra khả năng suy luận logic,"Bạn cần vận dụng khả năng suy luận logic để tìm ra hình còn thiếu, điền vào dấu hỏi chấm trong 20 giây."
Giáo dục,Các mốc thi tốt nghiệp THPT và xét tuyển đại học,Thí sinh bắt đầu đăng ký dự thi tốt nghiệp THPT và xét tuyển đại học từ ngày 27/4; làm các bài thi trong ngày 7-8/7 và biết điểm vào ngày 30/7.
Giáo dục,Cô giáo tiếng Anh đánh học sinh,"Bà Phạm Thị Hương, giáo viên tiếng Anh trường Tiểu học Trung Hiền, quận Hai Bà Trưng, nhiều lần đánh học sinh và cả giáo viên."
Giáo dục,Nam sinh giành học bổng bốn đại học danh tiếng ở Mỹ,"Trượt tất cả đại học Mỹ trong kỳ tuyển sinh sớm, Hà Tuấn Hùng áp lực nhưng không bỏ cuộc, tiếp tục nộp hồ sơ và giành bốn học bổng toàn phần."
Giáo dục,Các loại học bổng New Zealand dành cho sinh viên quốc tế,"Để thu hút sinh viên quốc tế xuất sắc, Đại học Massey hỗ trợ học bổng 25.000 NZD (400 triệu đồng), Đại học Auckland 16.000 USD (370 triệu đồng)."
Giáo dục,Nam sinh tử vong khi cứu hai em nhỏ,"Em Lương Mạnh Tuấn, lớp 7, trường THCS Hạnh Thiết, huyện Quỳ Châu, sau khi cứu thành công hai em đuối nước thì gặp nạn."
Giáo dục,Tỷ lệ chấp nhận vào đại học top đầu Mỹ thấp kỷ lục,"Trong hơn 57.000 hồ sơ gửi tới, Đại học Harvard chỉ nhận 3,4% - mức thấp kỷ lục. Tương tự, Đại học Columbia và MIT chỉ nhận 3,7-4% ứng viên."
Giáo dục,"Phân biệt cách dùng 'so', 'such', 'enough', 'to'",Dạng bài chọn đáp án dưới dây sẽ giúp bạn hiểu rõ hơn về cấu trúc so sánh thường gặp trong các dạng bài thi.
Giáo dục,"Đặc điểm ngành Logistics, quản lý chuỗi cung ứng tại SIU","SIU chú trọng đào tạo ngoại ngữ chuyên ngành, kiến thức chuyên môn, kỹ năng mềm để sinh viên đáp ứng công việc sau khi tốt nghiệp."
Giáo dục,Thần đồng người Việt có thể phải rời New Zealand,"Tốt nghiệp đại học năm 15 tuổi, thần đồng người Việt Vicky Ngo ở New Zealand có thể bị buộc về nước do chưa đủ tuổi được cấp thị thực lao động."
Giáo dục,Đoán tên viết tắt của các tổ chức quốc tế,CIA và Interpol khiến bạn nghĩ tới tổ chức nào? Hãy thử độ hiểu biết của bạn qua các từ viết tắt tên tổ chức quốc tế sau.
Giáo dục,Lộ trình săn học bổng sau đại học,"Sau hai lần thành công với học bổng chính phủ, thạc sĩ Vĩnh Huy chia sẻ kinh nghiệm và các bước chuẩn bị để có bộ hồ sơ tốt nhất."
Giáo dục,Thầy giáo giảng môn giải phẫu bằng phấn màu,"20 năm qua, tiến sĩ Nguyễn Đức Nghĩa, Đại học Y Hà Nội, lên lớp với hộp phấn màu, vẽ từ cấu trúc cơ, xương đơn giản đến hệ thần kinh, hộp sọ phức tạp."
Giáo dục,Chiến lược đạt 9.0 Reading của giảng viên 9X,"Với chiến lược thời gian 15 phút - 20 phút - 25 phút cho từng bài, Diễm Hằng luôn giành điểm cao ở kỹ năng đọc bài thi IELTS."
Giáo dục,Làm hoa quả 3D từ giấy thủ công,"Sau khi in mẫu hoa quả trên mạng, bạn cắt ra, tô màu và giúp bé bôi keo dán để làm loại quả yêu thích."
Giáo dục,"Phân biệt 'few', 'a few', 'little' và 'a little'","""Little/a little"" dùng với danh từ không đếm được, trong khi ""few/a few"" đi với danh từ đếm được số nhiều."
Giáo dục,Ứng dụng lý thuyết thiết kế trò chơi để xây dựng chương trình học,"Thiết kế việc học như trò chơi (gamification) giúp học sinh tăng hứng thú, hiệu quả học tập."
Giáo dục,Cựu học sinh Asian School 23 tuổi đạt học bổng tiến sĩ,"Trần Việt Nam, cựu học sinh trường Quốc tế Á châu đã giành học bổng toàn phần chương trình tiến sĩ của Đại học Quốc gia Singapore."
Giáo dục,Sông nào 'nằm nghiêng nghiêng' trong thơ?,"Bài thơ mang tên con sông được đánh giá là một trong những tác phẩm hay nhất của thơ ca kháng chiến chống Pháp, được đưa vào chương trình Văn học THPT."
Giáo dục,Thí sinh được điều chỉnh nguyện vọng xét tuyển đại học 3 lần,"Nếu như năm trước, thí sinh được điều chỉnh nguyện vọng một lần thì năm nay được thực hiện ba lần sau khi biết điểm thi tốt nghiệp THPT."
Giáo dục,Kinh nghiệm thực tập của du học sinh Việt tại Mỹ,"Bạch Quốc Lâm, sinh viên Đại học Northeastern (Boston, Mỹ), đi thực tập toàn thời gian ở hai công ty trong một năm và tích lũy được nhiều bài học."
Giáo dục,Cô gái hai lần trượt đại học thành chuyên viên chính phủ New Zealand,"Hai năm liên tiếp trượt đại học, bị gần 200 công ty từ chối, đã có lúc Nguyễn Thiện Từ Vinh chán nản tự hỏi ""có phải mình luôn thất bại""."
Giáo dục,Bài học giúp cô gái xứ Thanh thăng tiến ở nước ngoài,"Trải qua hành trình đến châu Âu làm việc, Lê Thanh Huyền, 36 tuổi, rút ra một số bài học giúp cô có công việc tốt hơn và được ghi nhận."
Giáo dục,Đại học Mở Hà Nội tuyển 3.400 chỉ tiêu,"Đại học Mở Hà Nội tuyển sinh 17 ngành đào tạo hệ đại học chính quy với 3.400 chỉ tiêu, trong đó có 3.200 xét bằng kết quả thi tốt nghiệp THPT."
Giáo dục,Giới thiệu bản thân trong tình huống đời thường,"Để tình huống giao tiếp không gượng gạo, bạn cần chuẩn bị một số cách bắt chuyện, đặt câu hỏi và lên phương án rời đi nếu câu chuyện không thú vị."
Giáo dục,Phân biệt cách dùng mạo từ,"Bài tập trắc nghiệm giúp bạn nắm được cách sử dụng mạo từ xác định ""the"" và mạo từ không xác định ""a, an"" trong từng trường hợp."
Giáo dục,SIU đào tạo ngành Kế toán,"Ngành Kế toán của SIU gồm nhiều phân ngành, nền tảng kiến thức chuyên sâu, giúp người học phát triển bản thân và thích ứng với môi trường kinh doanh."
Giáo dục,Môi trường học tập tại trường Quốc Văn Cần Thơ,"Trường Quốc Văn Cần Thơ có đội ngũ giáo viên nhiệt huyết, vững nghề, thiết bị hiện đại, nhiều hoạt động ngoại khóa giúp học sinh tự lập và trưởng thành."
Giáo dục,Thủ tướng: Không để thí sinh bỏ thi vì khó khăn,"Thủ tướng Phạm Minh Chính yêu cầu các địa phương tạo thuận lợi cho thí sinh ở các điểm thi, không để em nào phải bỏ thi vì khó khăn về kinh tế hay đi lại."
Giáo dục,Kiểm tra hàng hóa bán ở cổng trường sau vụ ngộ độc slime,"Chính quyền thành phố yêu cầu kiểm tra nguồn gốc hàng hóa, đặc biệt là mặt hàng bán cho học sinh tại cổng trường, sau vụ học sinh tiểu học ngộ độc slime."
Giáo dục,Hiệu trưởng Đại học Đồng Nai bị kỷ luật,"Ông Trần Minh Hùng, 56 tuổi, Hiệu trưởng Đại học Đồng Nai, bị cách hết chức vụ trong Đảng sau hàng loạt sai phạm liên quan đến tài chính của trường."
Giáo dục,Bốn câu đố thử tài tư duy,"Những câu đố tìm mật mã mở khóa, sắp xếp số và ký hiệu Toán học trong một phút sẽ luyện cho bạn khả năng tư duy, tính toán nhanh."
Giáo dục,9X tự cải thiện điểm Writing từ 6.0 lên 7.5,"Đạt 6.0 Writing trong lần thi IELTS đầu tiên, Lê Thùy Linh nhận ra điểm yếu và áp dụng ba cách để nâng điểm lên 7.5."
